f4726eb7-0689-a8cf-9a19-0471e897e81a,31.07.2018,01.01.2018,"наыеярбн я нцпюмхвеммни нрберярбеммнярэч ""хммнбюжхнммши напюгнбюрекэмши жемрп ""лни смхбепяхрер""",1001325892,0
6ec6f50f-408d-f4f0-33df-f1a5bcab5709,31.07.2018,01.01.2018,"наыеярбн я нцпюмхвеммни нрберярбеммнярэч ""кхдеп-л""",2508130500,1
720f48c7-6d44-0e96-fd4d-5366daf4e151,31.07.2018,01.01.2018,"наыеярбн я нцпюмхвеммни нрберярбеммнярэч ""абй цпсоо""",9203542206,1
9d54caf1-4054-66fb-303d-7290af9c3dea,31.07.2018,01.01.2018,"наыеярбн я нцпюмхвеммни нрберярбеммнярэч рнпцнбюъ  ярпнхрекэмюъ йнлоюмхъ ""опелэеп""",4205354745,1
c3a085c4-9e05-f128-4119-62bdd2e02410,31.07.2018,01.01.2018,"наыеярбн я нцпюмхвеммни нрберярбеммнярэч ""аюрн""",0326552984,4
fff8a036-4da7-98d9-2ba7-a679a4c9b705,31.07.2018,01.01.2018,"наыеярбн я нцпюмхвеммни нрберярбеммнярэч ""хпйсряйхе щбюйсюрнпш""",3812018600,2
f507b176-23bc-1dda-fa8e-36c0a9860a63,31.07.2018,01.01.2018,"наыеярбн я нцпюмхвеммни нрберярбеммнярэч ""рнпцнбши йнлокейя""",4027132844,1
ad3f9244-f882-9d1f-9da9-71200370d7e6,31.07.2018,01.01.2018,"наыеярбн я нцпюмхвеммни нрберярбеммнярэч ""тхахъ""",7451422431,13
44a648f5-7498-fdac-d095-7403d7bf149e,31.07.2018,01.01.2018,"наыеярбн я нцпюмхвеммни нрберярбеммнярэч ярпнхрекэмюъ йнлоюмхъ ""йпхярюкк""",6914019566,1
f9dec4f2-c6d7-20a8-ebc3-f52010802345,31.07.2018,01.01.2018,"наыеярбн я нцпюмхвеммни нрберярбеммнярэч ""аепвщр""",0723000556,0
9a7fa7ad-e6f5-5e99-9585-f235004e3084,31.07.2018,01.01.2018,"наыеярбн я нцпюмхвеммни нрберярбеммнярэч ""рнпцнбши днл ""юркюмр""",5503174570,3
e6a524dd-a471-5ce5-9470-2a22dcbe476f,31.07.2018,01.01.2018,"наыеярбн я нцпюмхвеммни нрберярбеммнярэч ""рхрюм""",5507254700,1
461c5c3c-95a9-e6ff-4d36-c3df14a8836b,31.07.2018,01.01.2018,"наыеярбн я нцпюмхвеммни нрберярбеммнярэч ""оепбши щрюф""",5504148407,1
18a2969c-05ab-0fd6-4351-6a72085d21ad,31.07.2018,01.01.2018,"наыеярбн я нцпюмхвеммни нрберярбеммнярэч ""юцпнйскэрспю чц""",2001001924,1
b0ce8bb1-9e8b-c5b4-d798-cab2dc6eedec,31.07.2018,01.01.2018,"наыеярбн я нцпюмхвеммни нрберярбеммнярэч ""опеярхф""",1420000943,0
c6f63c1b-0be8-69e5-da9c-ebdddf836432,31.07.2018,01.01.2018,"наыеярбн я нцпюмхвеммни нрберярбеммнярэч ""цкнпхъ-аернм""",5438000941,1
9f3fc4b9-10d0-2861-0edf-81aae5bb7c1e,31.07.2018,01.01.2018,"наыеярбн я нцпюмхвеммни нрберярбеммнярэч ""яюднбне йнкэжн йюгюмэ""",1655386526,1
b1673398-76c0-91b4-cf8b-081fc2db2208,31.07.2018,01.01.2018,"наыеярбн я нцпюмхвеммни нрберярбеммнярэч ""пндемрю""",5408015411,1
848d8d86-77f4-1096-6890-0b134d424c0d,31.07.2018,01.01.2018,"наыеярбн я нцпюмхвеммни нрберярбеммнярэч ""чпхдхвеяйюъ йнлоюмхъ ""пеьемхе""",4028064347,0
fcbd4e7b-11e1-bc3c-00ea-bffb9e9693d1,31.07.2018,01.01.2018,"наыеярбн я нцпюмхвеммни нрберярбеммнярэч ""беямю дейнп""",5407964199,2
c5e524e8-1f77-5887-0b1b-fa6f065765fc,31.07.2018,01.01.2018,"наыеярбн я нцпюмхвеммни нрберярбеммнярэч ""юмрюпхя""",4205354752,1
24091dea-831e-d089-f51d-8907ba9f0f4c,31.07.2018,01.01.2018,"наыеярбн я нцпюмхвеммни нрберярбеммнярэч ""лепйспхи окчя""",5433962374,0
f87cd425-4db7-8692-a7dd-5959e9886950,31.07.2018,01.01.2018,"наыеярбн я нцпюмхвеммни нрберярбеммнярэч ""метреямюа""",5433962381,1
f7c7dabc-703c-8f3b-9d62-3a1eaf08216f,31.07.2018,01.01.2018,"наыеярбн я нцпюмхвеммни нрберярбеммнярэч ""щпюбрн""",6027179980,0
ab545378-fd99-a086-f637-438e9a198d80,31.07.2018,01.01.2018,"наыеярбн я нцпюмхвеммни нрберярбеммнярэч ""юбрн окчя""",3102040181,1
5974a816-13e7-5fc6-5d0b-f3f6d2203a03,31.07.2018,01.01.2018,"наыеярбн я нцпюмхвеммни нрберярбеммнярэч ""норрнпц""",4027132869,1
0a0cc820-6a14-833d-b0b8-1426ade7a21e,31.07.2018,01.01.2018,"наыеярбн я нцпюмхвеммни нрберярбеммнярэч ""кецюмрю""",3123413050,1
8ce45673-d78a-2403-3a12-9161d7e7da94,31.07.2018,01.01.2018,"наыеярбн я нцпюмхвеммни нрберярбеммнярэч ""йбюдпн""",3111006275,1
52c830be-ab4a-1602-a697-c39181da5ac8,31.07.2018,01.01.2018,"наыеярбн я нцпюмхвеммни нрберярбеммнярэч "" мрл-йнмяюкр""",5043061279,0
f79e822c-ed6b-667f-e77d-4a790f7365d1,31.07.2018,01.01.2018,"наыеярбн я нцпюмхвеммни нрберярбеммнярэч ""менбхрю""",5043061286,1
cc9f4f51-f6db-8420-dfe7-88dbc80709c1,31.07.2018,01.01.2018,"наыеярбн я нцпюмхвеммни нрберярбеммнярэч ""йюлемз""",1001325902,0
6b7238a9-9bc1-b046-5686-24ccb0577956,31.07.2018,01.01.2018,"наыеярбн я нцпюмхвеммни нрберярбеммнярэч ""бщкрнм""",7736301095,1
6ec28c49-012e-49ad-1226-2f9d9b4ffb8c,31.07.2018,01.01.2018,"наыеярбн я нцпюмхвеммни нрберярбеммнярэч ""бнкэр""",7720380486,1
63421b1e-ff64-c5b1-c388-2a04a1c74a02,31.07.2018,01.01.2018,"наыеярбн я нцпюмхвеммни нрберярбеммнярэч ""ярпниопнейр""",9729080635,0
c8507d6e-a76e-3250-3dba-8123effd9cac,31.07.2018,01.01.2018,"наыеярбн я нцпюмхвеммни нрберярбеммнярэч ""депебннапюаюршбючыхи йнлахмюр""",4020006696,1
fa5a2f25-c641-b498-3358-83eb6d674160,31.07.2018,01.01.2018,"наыеярбн я нцпюмхвеммни нрберярбеммнярэч ""хмтпюрнпц""",7704410976,1
1e12bc73-ca29-c4a6-ffc3-6ff20071416a,31.07.2018,01.01.2018,"наыеярбн я нцпюмхвеммни нрберярбеммнярэч ""метрэяашр""",4027132883,1
ac1dab65-3db0-8199-4ea5-7eb865a629f0,31.07.2018,01.01.2018,"наыеярбн я нцпюмхвеммни нрберярбеммнярэч ""бецю""",7720380493,14
41be6d0c-cd56-792a-a7a8-bfb6a49ef71b,31.07.2018,01.01.2018,"наыеярбн я нцпюмхвеммни нрберярбеммнярэч ""ярпни-лерюкк""",5752076679,9
239b57b4-e634-3917-911b-7447ca01decd,31.07.2018,01.01.2018,"наыеярбн я нцпюмхвеммни нрберярбеммнярэч ""днпнфмн-ярпнхрекэмюъ йнлоюмхъ""",2130187949,1
f7094e59-feae-4b76-1ee0-f52b00d9b150,31.07.2018,01.01.2018,"наыеярбн я нцпюмхвеммни нрберярбеммнярэч ""ярпнилнмрюф""",6829132881,1
1f8a843d-f925-6dcc-af7c-56ce7d7f331c,31.07.2018,01.01.2018,"наыеярбн я нцпюмхвеммни нрберярбеммнярэч ""юбрхлю""",7802620080,1
c7cd05b4-0a1a-cd9e-ba33-85c867123780,31.07.2018,01.01.2018,"наыеярбн я нцпюмхвеммни нрберярбеммнярэч ""яй смхбепяюк""",7839084477,1
730a22e5-7210-01de-81cf-37f42209043e,31.07.2018,01.01.2018,"наыеярбн я нцпюмхвеммни нрберярбеммнярэч ""юплюдю""",7816640311,1
c8993579-0948-fdeb-1433-92c2ed821590,31.07.2018,01.01.2018,"наыеярбн я нцпюмхвеммни нрберярбеммнярэч ""ярпниреуопнейр""",7805704860,1
b0458cc6-312a-c678-0596-296bb4ca1139,31.07.2018,01.01.2018,"наыеярбн я нцпюмхвеммни нрберярбеммнярэч ""ярюпдемр""",7805704877,2
5c84afa6-21ef-0bee-273c-85d4b897bbf6,31.07.2018,01.01.2018,"наыеярбн я нцпюмхвеммни нрберярбеммнярэч вюярмюъ нупюммюъ нпцюмхгюжхъ ""хпахя""",5045061429,1
b18b90f7-dad8-fe7d-b15a-a4d1f1f07119,31.07.2018,01.01.2018,"наыеярбн я нцпюмхвеммни нрберярбеммнярэч ""юлапеккю""",7841059069,1
c686b7cc-fad8-9725-1a3a-6885998fe8c4,31.07.2018,01.01.2018,"наыеярбн я нцпюмхвеммни нрберярбеммнярэч ""окчя""",5321189011,2
aea62546-1c03-3ff1-1a04-ccaa745c23b8,31.07.2018,01.01.2018,"наыеярбн я нцпюмхвеммни нрберярбеммнярэч ""рхлаепя""",2222858065,0
dc7a24c6-5254-932b-54e8-6fb1c812b29c,31.07.2018,01.01.2018,"наыеярбн я нцпюмхвеммни нрберярбеммнярэч ""кнцнорхлю-цюпюмр""",7810683189,2
79cf5cec-7097-ce16-2472-a633f187d6ed,31.07.2018,01.01.2018,"наыеярбн я нцпюмхвеммни нрберярбеммнярэч ""ахкэпеяр""",7802620097,0
d3d99da9-c180-3db0-dd81-f6aae5543e8c,31.07.2018,01.01.2018,"наыеярбн я нцпюмхвеммни нрберярбеммнярэч ""щкейрпнхлоскэя""",7811648204,1
a3cc184c-d681-288e-19fe-db4cfd09d7b9,31.07.2018,01.01.2018,"наыеярбн я нцпюмхвеммни нрберярбеммнярэч ""щпю-56""",5609185759,1
945776dc-60dd-0d7d-a1a5-84ecff6de050,31.07.2018,01.01.2018,"наыеярбн я нцпюмхвеммни нрберярбеммнярэч ""рнпцнбши днл ""яюкчр""",7842134230,3
5740f48c-3a92-adba-c8f5-a88bd897f3e7,31.07.2018,01.01.2018,"наыеярбн я нцпюмхвеммни нрберярбеммнярэч ""днлся""",4726003136,0
aab3c177-dcde-2623-824f-8446f389a5c5,31.07.2018,01.01.2018,"наыеярбн я нцпюмхвеммни нрберярбеммнярэч ""тюипткюи""",7805704884,1
e64c7752-65a1-f15f-dcb0-5875cf6c0e08,31.07.2018,01.01.2018,"наыеярбн я нцпюмхвеммни нрберярбеммнярэч ""люрепхй""",4726003129,0
344d6fa1-9789-54d9-5b95-51d1be7eb923,31.07.2018,01.01.2018,"наыеярбн я нцпюмхвеммни нрберярбеммнярэч ""ялб-ярпни""",7802620107,1
cf9c0e5a-da6e-4daa-6654-2a0844dc497d,31.07.2018,01.01.2018,"наыеярбн я нцпюмхвеммни нрберярбеммнярэч ""днпяер ярпни""",7731364912,3
083295b1-281c-3393-b2a4-1446581cb8e5,31.07.2018,01.01.2018,"наыеярбн я нцпюмхвеммни нрберярбеммнярэч ""юоцпеид""",6914019573,7
1bdecaa9-5b1f-61b8-2388-43a5028a682c,31.07.2018,01.01.2018,"наыеярбн я нцпюмхвеммни нрберярбеммнярэч ""яхмепцхъ""",7838069123,1
38e9cd92-b47e-47c3-3c6a-76d7fa17496d,31.07.2018,01.01.2018,"наыеярбн я нцпюмхвеммни нрберярбеммнярэч ""оепбюъ рнокхбмюъ йнлоюмхъ""",7807169142,38
b7b85016-dcac-08ac-553e-c1353a51aa4f,31.07.2018,01.01.2018,"наыеярбн я нцпюмхвеммни нрберярбеммнярэч ""хмфемепмше пеьемхъ""",7814690420,3
6ca056e8-5923-b804-eb30-2195a6d5ed10,31.07.2018,01.01.2018,"наыеярбн я нцпюмхвеммни нрберярбеммнярэч ""рекедфемя""",4726003143,1
43bdba60-5d12-e7dc-90c1-f68876f44161,31.07.2018,01.01.2018,"наыеярбн я нцпюмхвеммни нрберярбеммнярэч ""рпхюдю""",0245955216,43
647c9de3-84cc-ed1f-d051-2e353985b987,31.07.2018,01.01.2018,"наыеярбн я нцпюмхвеммни нрберярбеммнярэч ""бецю-в""",2130187956,2
6e3a232e-41eb-7018-a305-6130436be655,31.07.2018,01.01.2018,"наыеярбн я нцпюмхвеммни нрберярбеммнярэч ""фхкяепбхяйепвэ""",9111023049,0
c1e40ee8-f9f1-7007-7765-0dbee10f6949,31.07.2018,01.01.2018,"наыеярбн я нцпюмхвеммни нрберярбеммнярэч ""люпхн""",5752076686,5
5398d0b8-253d-5a8e-e105-4b3ffbf095e3,31.07.2018,01.01.2018,"наыеярбн я нцпюмхвеммни нрберярбеммнярэч ""оепеднбше реумнкнцхх напюанрйх бнгдсую""",5904350600,13
9e143613-5c7b-cb0e-7591-07c5b8fcac10,31.07.2018,01.01.2018,"наыеярбн я нцпюмхвеммни нрберярбеммнярэч ""аюьрекейнл""",0276922242,17
f3a6167d-f92f-a031-5fc9-a59e38090deb,31.07.2018,01.01.2018,"наыеярбн я нцпюмхвеммни нрберярбеммнярэч ""йпхня""",0272906546,0
84a3eb51-2b72-858c-7ff8-d86817b3f715,31.07.2018,01.01.2018,"наыеярбн я нцпюмхвеммни нрберярбеммнярэч ""яоежреу71""",7106078514,1
372f7b93-6ec4-bdc9-6664-5ff87acdbeaf,31.07.2018,01.01.2018,"наыеярбн я нцпюмхвеммни нрберярбеммнярэч ""юоюпрюлемрш онясрнвмн ""юоюпрмэч""",7203418646,1
16121ab2-6918-8dee-bd8b-fd24402caf91,31.07.2018,01.01.2018,"наыеярбн я нцпюмхвеммни нрберярбеммнярэч ""пецхнмюкэмюъ днашбючыюъ йнлоюмхъ""",5642023032,1
0ccd4412-57b0-9fec-7e56-23279e3d9173,31.07.2018,01.01.2018,"наыеярбн я нцпюмхвеммни нрберярбеммнярэч юпухрейрспмн - ярпнхрекэмюъ йнлоюмхъ ""опюилопнейр""",0277920657,1
1ce380b3-e5e9-dcd3-ea9b-2ca1e5c134dc,31.07.2018,01.01.2018,"наыеярбн я нцпюмхвеммни нрберярбеммнярэч ""чпхдхвеяйюъ тхплю ""рюлепкюм""",0274926820,0
e46dc69d-73bb-8811-145d-94610f5f400a,31.07.2018,01.01.2018,"наыеярбн я нцпюмхвеммни нрберярбеммнярэч ""йбюдпн-ю""",0273914187,1
9174e0c5-09de-b85a-4a63-71a2f0710dc9,31.07.2018,01.01.2018,"наыеярбн я нцпюмхвеммни нрберярбеммнярэч ""реумхвеяйне наяксфхбюмхе днлю""",7451422449,2
03acddb8-69a6-d500-764d-229bf1745482,31.07.2018,01.01.2018,"наыеярбн я нцпюмхвеммни нрберярбеммнярэч ""янбпелеммше ледхжхмяйхе реумнкнцхх""",0256996983,1
5b05a60d-79ae-530f-d0a0-7d621aeaa5aa,31.07.2018,01.01.2018,"наыеярбн я нцпюмхвеммни нрберярбеммнярэч ""онярпни""",3123413067,1
58d0426d-d233-72ec-8150-fd31310cb4d3,31.07.2018,01.01.2018,"наыеярбн я нцпюмхвеммни нрберярбеммнярэч ""онремжхюк""",0273914194,1
34c43b06-1772-afab-daeb-5208ce9ea64b,31.07.2018,01.01.2018,"наыеярбн я нцпюмхвеммни нрберярбеммнярэч ""нгднпнбхрекэмши йнлокейя жемрп гднпнбэъ""",0274926837,3
67d48b41-8a5d-b1b4-d211-2975a45862af,31.07.2018,01.01.2018,"наыеярбн я нцпюмхвеммни нрберярбеммнярэч ""яхрх""",0267021851,4
d2743b9a-da5e-6b73-a59e-288ed4839079,31.07.2018,01.01.2018,"наыеярбн я нцпюмхвеммни нрберярбеммнярэч ""нкхя""",3123413074,1
93dc37b3-4d49-a11b-a66f-3e4dfc575055,31.07.2018,01.01.2018,"наыеярбн я нцпюмхвеммни нрберярбеммнярэч ""мюсвмн-опнхгбндярбеммши жемрп ""юпрхя""",5834117830,4
da608fb4-06d0-6417-ae3e-036ab5f06a12,31.07.2018,01.01.2018,"наыеярбн я нцпюмхвеммни нрберярбеммнярэч ""3д ярнл х йкхмхйю мебпнгнб""",6829132909,1
4a24774a-d2f9-17d9-4de8-af1ae849d603,31.07.2018,01.01.2018,"наыеярбн я нцпюмхвеммни нрберярбеммнярэч ""рпхслт""",6230103756,1
af7c432e-887e-5252-ad27-36c983fe423a,31.07.2018,01.01.2018,"наыеярбн я нцпюмхвеммни нрберярбеммнярэч ""янкбх""",7839084484,1
f3668d30-699c-1792-4049-8ad1cc7a6842,31.07.2018,01.01.2018,"наыеярбн я нцпюмхвеммни нрберярбеммнярэч ""рнпцнбши днл нор""",1001325910,0
61046612-cddd-d26a-a3d0-e112150fb52c,31.07.2018,01.01.2018,"наыеярбн я нцпюмхвеммни нрберярбеммнярэч ""рнвйю пнярю""",2221234113,3
29fd6560-e403-9345-947b-78a770c1eacc,31.07.2018,01.01.2018,"наыеярбн я нцпюмхвеммни нрберярбеммнярэч ""бйл рпюмяонпрмюъ йнлоюмхъ""",5001114200,0
9c4478d7-c05d-00d3-5947-1bb9ef1101b4,31.07.2018,01.01.2018,"наыеярбн я нцпюмхвеммни нрберярбеммнярэч ""ярпницюгяепбхя""",5001114218,1
90d20ca6-de93-f783-53b0-e0fd61577979,31.07.2018,01.01.2018,"наыеярбн я нцпюмхвеммни нрберярбеммнярэч ""мэчлед""",5043061293,1
c7dfd91d-2ee3-4769-3df6-9f332f45cf5f,31.07.2018,01.01.2018,"наыеярбн я нцпюмхвеммни нрберярбеммнярэч ""рюпрсцю""",9729080642,1
8d705e4f-4556-400a-184a-edb985e213a1,31.07.2018,01.01.2018,"наыеярбн я нцпюмхвеммни нрберярбеммнярэч ""пелярпни""",7842134248,1
04a7559b-29c8-5007-5f71-939f46afe1a9,31.07.2018,01.01.2018,"наыеярбн я нцпюмхвеммни нрберярбеммнярэч ""лецю рнпц""",7810683196,1
9a036cdb-9930-af52-211f-c0d26c0fe541,31.07.2018,01.01.2018,"наыеярбн я нцпюмхвеммни нрберярбеммнярэч ""нпа-78""",7842134255,1
c73dcf1b-0fd5-8517-fb82-1a278cf765a8,31.07.2018,01.01.2018,"наыеярбн я нцпюмхвеммни нрберярбеммнярэч ""рбепяйюъ тюъмянбюъ тюапхйю 1809""",6949109570,1
29b6246b-6b5c-b0ae-4661-9760b32cd3f5,31.07.2018,01.01.2018,"наыеярбн я нцпюмхвеммни нрберярбеммнярэч ""ахптхмхрх""",9108120194,1
61670671-a051-4e8d-f906-b662689a5783,31.07.2018,01.01.2018,"наыеярбн я нцпюмхвеммни нрберярбеммнярэч ""юцюр""",7842134262,1
0e640884-28b2-8a0a-6a89-144fcde00710,31.07.2018,01.01.2018,"наыеярбн я нцпюмхвеммни нрберярбеммнярэч ""юбрнреуятепю""",9715302038,1
7c9a47b1-de0b-2b6e-d09b-bc6d5974b5c9,31.07.2018,01.01.2018,"наыеярбн я нцпюмхвеммни нрберярбеммнярэч вюянбни гюбнд ""якюбю""",7733320808,4
e54b6847-1f10-d291-4b08-313f4b96e51f,31.07.2018,01.01.2018,"наыеярбн я нцпюмхвеммни нрберярбеммнярэч ""опнлценяебеп""",1435320760,0
8a258b1d-fc30-dfa2-5b9a-5613473dd1e1,31.07.2018,01.01.2018,"наыеярбн я нцпюмхвеммни нрберярбеммнярэч ""ьютр-чц""",6162075508,1
cc89ae92-3b1f-62b8-6462-51c48b80af6f,31.07.2018,01.01.2018,"наыеярбн я нцпюмхвеммни нрберярбеммнярэч ""опнлрнпцярпни хмбеяр""",5321189029,1
e096fc52-0984-1a5f-2c6d-3b263faa8fa5,31.07.2018,01.01.2018,"наыеярбн я нцпюмхвеммни нрберярбеммнярэч ""рбо-щмепцн""",7107120215,1
0e5d8123-9c27-1073-e246-c8717d60dc27,31.07.2018,01.01.2018,"наыеярбн я нцпюмхвеммни нрберярбеммнярэч ""опюбши аепец""",2130187963,1
680ee7b6-42ac-4a0a-a703-3d42f8bfb60d,31.07.2018,01.01.2018,"наыеярбн я нцпюмхвеммни нрберярбеммнярэч ""йюохрюк опн""",5911077631,0
6f76342b-1e77-7fd3-3c0f-2f5cc7f1cc5a,31.07.2018,01.01.2018,"наыеярбн я нцпюмхвеммни нрберярбеммнярэч ""лепхккемд""",9705096530,1
5c10eb33-7378-7499-6586-8d950eb20a04,31.07.2018,01.01.2018,"наыеярбн я нцпюмхвеммни нрберярбеммнярэч ""гюкемю""",5506158231,1
96b00321-c28c-a747-36b0-bc423e09bfc3,31.07.2018,01.01.2018,"наыеярбн я нцпюмхвеммни нрберярбеммнярэч мюсвмн опнхгбндярбеммюъ нпцюмхгюжхъ ""мнбшу хяякеднбюмхи хгнаперемхи бмедпемхи""",5040148620,1
48c46dac-56f4-dd80-9051-08d1ffac37a1,31.07.2018,01.01.2018,"наыеярбн я нцпюмхвеммни нрберярбеммнярэч  ""хпщмярпни""",5040148637,0
ba51af22-519b-4fb1-82d3-59244c3470ca,31.07.2018,01.01.2018,"наыеярбн я нцпюмхвеммни нрберярбеммнярэч ""ахгмеяйнмяюкрцпсоо""",5911077649,2
baa5b875-9343-c48d-0258-cef3a24fa2e4,31.07.2018,01.01.2018,"наыеярбн я нцпюмхвеммни нрберярбеммнярэч ""днлхйн 10""",7203418653,1
7cc0320e-e2fd-d9a9-5c66-4d578cddf443,31.07.2018,01.01.2018,"наыеярбн я нцпюмхвеммни нрберярбеммнярэч ""демрюкхйю""",3123413081,0
47f93a36-d724-19a0-af2c-ce6c9e414e7f,31.07.2018,01.01.2018,наыеярбн я нцпюмхвеммни нрберярбеммнярэч онкхлеп.пс,7731364937,1
20009914-599e-19e8-fb6b-c072940ada55,31.07.2018,01.01.2018,"наыеярбн я нцпюмхвеммни нрберярбеммнярэч ""вхярши-опндсйр""",7720380503,1
ae6c36fc-05d6-af88-f0aa-9f525dc51520,31.07.2018,01.01.2018,"наыеярбн я нцпюмхвеммни нрберярбеммнярэч рнпцнбши днл ""сь рнпюи""",5834117848,1
bd20e9bb-1407-c363-f995-8d368c9d3ad6,31.07.2018,01.01.2018,"наыеярбн я нцпюмхвеммни нрберярбеммнярэч ""рнпцнбши днл юдлхпюк""",7726402351,2
c47faa09-dac0-bbe0-9562-313d281edc6a,31.07.2018,01.01.2018,"наыеярбн я нцпюмхвеммни нрберярбеммнярэч ""бнклюпрнпц""",7736301105,3
90a8ab1c-8b02-4edf-1366-3ee8ca50f7ce,31.07.2018,01.01.2018,"наыеярбн я нцпюмхвеммни нрберярбеммнярэч ""ярхкэ""",7720380510,6
02ca1dbf-7dae-9158-9ea9-d44baeac1dae,31.07.2018,01.01.2018,"наыеярбн я нцпюмхвеммни нрберярбеммнярэч ""пюдсцю""",7704411000,1
fc16737a-92da-4d40-7f64-68f2feab0e13,31.07.2018,01.01.2018,"наыеярбн я нцпюмхвеммни нрберярбеммнярэч ""анмебхкэ""",7731364951,0
8794f5f9-dac3-2aa2-b6e8-d582f9192fa8,31.07.2018,01.01.2018,"наыеярбн я нцпюмхвеммни нрберярбеммнярэч ""рпюяр""",7751044822,1
ee1fd10f-1994-c610-0841-90380760f0a8,31.07.2018,01.01.2018,"наыеярбн я нцпюмхвеммни нрберярбеммнярэч ""пеяоейр""",9718062754,1
c0feff4b-9956-b8f3-47f3-c3c9252b553c,31.07.2018,01.01.2018,"наыеярбн я нцпюмхвеммни нрберярбеммнярэч ""кчйя-бхгхр""",9705096548,1
015700c6-c49d-142b-2d28-2c74965daf0b,31.07.2018,01.01.2018,"наыеярбн я нцпюмхвеммни нрберярбеммнярэч ""яер""",7731364969,1
af61c324-b7db-dc36-248e-f4eb47301323,31.07.2018,01.01.2018,"наыеярбн я нцпюмхвеммни нрберярбеммнярэч ""опндрнбюпш ╧4""",5259130510,3
46938bf2-b726-7a52-386b-f8011684f60c,31.07.2018,01.01.2018,"наыеярбн я нцпюмхвеммни нрберярбеммнярэч ""люйябюк""",7736301112,12
58167172-ddcf-6199-6d89-89df4bacbffa,31.07.2018,01.01.2018,"наыеярбн я нцпюмхвеммни нрберярбеммнярэч ""нрекэ яепбхя""",7751044830,1
5a622e49-4535-e183-3b83-54b3f7ed5a32,31.07.2018,01.01.2018,"наыеярбн я нцпюмхвеммни нрберярбеммнярэч ""ялюпрх тсд""",4205354760,1
09bd09ab-32bc-555c-8bd2-e0c942ae82bf,31.07.2018,01.01.2018,"наыеярбн я нцпюмхвеммни нрберярбеммнярэч ""щкхрярпни 06""",2455038234,1
4d171fc4-4217-48c7-9f7e-5529f716e561,31.07.2018,01.01.2018,"наыеярбн я нцпюмхвеммни нрберярбеммнярэч ""ярпнхреокхжю""",3528272054,0
5a94b869-a0c7-9914-495c-a5094d05d127,31.07.2018,01.01.2018,"наыеярбн я нцпюмхвеммни нрберярбеммнярэч ""юйбхкнм""",2443048894,1
d3c8719b-5ff8-1a48-1169-bd88651a5c53,31.07.2018,01.01.2018,"наыеярбн я нцпюмхвеммни нрберярбеммнярэч ""цпсоою йнлоюмхи юпрокюммеп""",7719468993,1
aba0ccdc-582b-b7d6-c05f-cacaa49547b5,31.07.2018,01.01.2018,"наыеярбн я нцпюмхвеммни нрберярбеммнярэч ""яекэфхгмэ""",7602137132,1
8ec471c1-fffe-3dfd-7709-125cf7f30424,31.07.2018,01.01.2018,"наыеярбн я нцпюмхвеммни нрберярбеммнярэч ""жемрп аюмйнбяйху цюпюмрхи""",3459073305,1
202dfa22-0ca0-1ac1-d78a-132c90394e60,31.07.2018,01.01.2018,"наыеярбн я нцпюмхвеммни нрберярбеммнярэч ""бемрю+""",7604325090,0
3512c148-26fa-9ba1-f2a3-eb420f60332a,31.07.2018,01.01.2018,"наыеярбн я нцпюмхвеммни нрберярбеммнярэч ""апсйкхм яоа""",7801331991,1
eee55159-183b-6a89-a24f-709259ccf1e0,31.07.2018,01.01.2018,"наыеярбн я нцпюмхвеммни нрберярбеммнярэч цпсоою йнлоюмхи ""ярпюрецхъ""",2443048904,1
3b70cbdf-c991-7364-f41f-b32a7b7f372b,31.07.2018,01.01.2018,"наыеярбн я нцпюмхвеммни нрберярбеммнярэч ""цюпюмр""",2469003633,0
66579280-3be6-dfca-6a75-a135359dcc53,31.07.2018,01.01.2018,"наыеярбн я нцпюмхвеммни нрберярбеммнярэч ""щкейрпхвеяйхе люьхмш""",7801332000,12
add2dc02-4837-8d81-80f2-e4215346c6aa,31.07.2018,01.01.2018,"наыеярбн я нцпюмхвеммни нрберярбеммнярэч ""метпнкюим-яхахпэ""",5406975310,1
8f1cf6e7-d8d4-29ec-8282-b7742937b5f1,31.07.2018,01.01.2018,"наыеярбн я нцпюмхвеммни нрберярбеммнярэч ""ярпнийю1221""",7704411017,5
a74dd987-d3e3-0153-9d86-124aeca69f1e,31.07.2018,01.01.2018,"наыеярбн я нцпюмхвеммни нрберярбеммнярэч ""хмрепяерэ""",2460103256,1
3e6b9f77-fc25-5053-0b1d-31979f8eff85,31.07.2018,01.01.2018,"наыеярбн я нцпюмхвеммни нрберярбеммнярэч ""юкэтюрнпц""",2465165030,1
35cdab4d-4fc3-e092-785e-c3bb578136fe,31.07.2018,01.01.2018,"наыеярбн я нцпюмхвеммни нрберярбеммнярэч ""кхдеп2017""",2463108485,4
4575114b-3db7-015d-785c-1784128c8c86,31.07.2018,01.01.2018,"наыеярбн я нцпюмхвеммни нрберярбеммнярэч ""л-чяр""",3665140412,1
b4f5ec4f-dacd-ab67-ce66-a8b69da5179a,31.07.2018,01.01.2018,"наыеярбн я нцпюмхвеммни нрберярбеммнярэч ""гнкнрне янгмюмхе""",5916032881,1
99e936b8-d3a8-df87-efbf-cfc98323a636,31.07.2018,01.01.2018,"наыеярбн я нцпюмхвеммни нрберярбеммнярэч ""беяр""",5260442377,0
0c841740-b9af-0fd6-4770-b5b26556f5e7,31.07.2018,01.01.2018,"наыеярбн я нцпюмхвеммни нрберярбеммнярэч ""ярпнхрекэмюъ рпюмяонпрмюъ йнлоюмхъ""",5105011979,5
ef5bd328-10d6-5ac0-3da2-db7505020ec5,31.07.2018,01.01.2018,"наыеярбн я нцпюмхвеммни нрберярбеммнярэч ""реумнрщй""",3662248577,3
599e4288-c8a4-38e0-52c7-8f7e1dba4228,31.07.2018,01.01.2018,"наыеярбн я нцпюмхвеммни нрберярбеммнярэч ""ярпнхрекэмюъ йнлоюмхъ ""бецю""",5904350618,30
86548386-f415-7365-832e-98f9c29a91dc,31.07.2018,01.01.2018,"наыеярбн я нцпюмхвеммни нрберярбеммнярэч ""цнкд ьэххкд""",7727318215,1
5b67259b-e583-83cf-daf8-050efaee2c01,31.07.2018,01.01.2018,"наыеярбн я нцпюмхвеммни нрберярбеммнярэч ""спюк кея пеяспя""",6658501590,1
04f9948c-f3ea-c578-a068-c3c7f38245c5,31.07.2018,01.01.2018,"наыеярбн я нцпюмхвеммни нрберярбеммнярэч ""юбцсяр""",2463108492,5
0505d731-91b7-d20c-a542-432b6aa216d7,31.07.2018,01.01.2018,"наыеярбн я нцпюмхвеммни нрберярбеммнярэч ""спюк кея""",6658501600,1
97ac2537-2705-d8b9-3821-6e6a404ff65e,31.07.2018,01.01.2018,"наыеярбн я нцпюмхвеммни нрберярбеммнярэч ""юаянкчр опнхгбндярбеммюъ йнлоюмхъ""",2465165048,1
38f3d2d9-f522-5d5d-08c9-c88a8809bd79,31.07.2018,01.01.2018,"наыеярбн я нцпюмхвеммни нрберярбеммнярэч ""гек╗мюъ мхрэ""",2465165055,0
5b83c588-479c-4b95-59fe-d06b815cb6e5,31.07.2018,01.01.2018,"наыеярбн я нцпюмхвеммни нрберярбеммнярэч ""мнбнрщй""",5904350625,2
b43933a4-24ab-e593-66de-96afe797427d,31.07.2018,01.01.2018,"наыеярбн я нцпюмхвеммни нрберярбеммнярэч ""моо ""леррей""",7802620114,2
5b5ae850-f1fa-932f-5924-149b530fbc13,31.07.2018,01.01.2018,"наыеярбн я нцпюмхвеммни нрберярбеммнярэч ""цй опнлщйнбейрнп""",7751044847,1
ada2092f-2b41-4ab0-8859-ca2669532960,31.07.2018,01.01.2018,"наыеярбн я нцпюмхвеммни нрберярбеммнярэч ""йсаюрспю""",1328014768,1
899214d0-d7d7-d3b1-409e-b7a436c8942c,31.07.2018,01.01.2018,"наыеярбн я нцпюмхвеммни нрберярбеммнярэч ""юцпнокюмер""",1326248591,3
08a4351a-036e-f1b4-fb84-63abb9db5312,31.07.2018,01.01.2018,"наыеярбн я нцпюмхвеммни нрберярбеммнярэч ""бекюдю""",7719469002,1
31478d46-66df-f65a-06fb-b225e92d0834,31.07.2018,01.01.2018,"наыеярбн я нцпюмхвеммни нрберярбеммнярэч ""опнхгбндярбеммн-днлнярпнхрекэмюъ йнлоюмхъ""",7731364983,5
0f184af3-05eb-51eb-0c7d-0a0ed94049cf,31.07.2018,01.01.2018,"наыеярбн я нцпюмхвеммни нрберярбеммнярэч ""люъй""",7714993357,1
667b43ff-3e7e-8852-9bad-a1f2c23ee158,31.07.2018,01.01.2018,"наыеярбн я нцпюмхвеммни нрберярбеммнярэч ""ь.юп""",7704411024,0
e7f61721-f8a8-9102-f88c-de0e205ccedd,31.07.2018,01.01.2018,"наыеярбн я нцпюмхвеммни нрберярбеммнярэч ""юплюр""",7724409217,0
b92f261d-5302-6b71-9460-f6a77e4fb67d,31.07.2018,01.01.2018,"наыеярбн я нцпюмхвеммни нрберярбеммнярэч "" й н м ц п х н """,7724409224,1
4a7b3a76-ada0-32da-56f2-3e9e173540f6,31.07.2018,01.01.2018,"наыеярбн я нцпюмхвеммни нрберярбеммнярэч ""йнлахмюр цнпндяйнцн унгъиярбю""",5320027265,1
d3f18747-3c92-9715-651c-e45d01b78f70,31.07.2018,01.01.2018,"наыеярбн я нцпюмхвеммни нрберярбеммнярэч ""янт-юпр""",5836682281,2
f22b587b-ec9d-08fb-3178-dc3920d7bfa8,31.07.2018,01.01.2018,"наыеярбн я нцпюмхвеммни нрберярбеммнярэч ""о.я.ю. хмфхмхпхмц""",9103084471,3
637bfb32-6747-24d7-4fb9-bf168d95b038,31.07.2018,01.01.2018,"наыеярбн я нцпюмхвеммни нрберярбеммнярэч ""лт щйяонпр""",6732144812,0
3bff101e-bc28-34bd-cbda-1131e0146256,31.07.2018,01.01.2018,"наыеярбн я нцпюмхвеммни нрберярбеммнярэч ""йкхмяеп""",2465165062,0
41f8b6de-82e9-8ff4-5f55-f27c4aaa758f,31.07.2018,01.01.2018,"наыеярбн я нцпюмхвеммни нрберярбеммнярэч ""юбхрю""",6732144795,1
be2c98e4-769e-34f1-76f0-79e57cd7101e,31.07.2018,01.01.2018,"наыеярбн я нцпюмхвеммни нрберярбеммнярэч ""я67""",6732144820,1
8b5f3a3d-f45e-af21-7b21-3e402a6b3a55,31.07.2018,01.01.2018,"наыеярбн я нцпюмхвеммни нрберярбеммнярэч ""яхрхкщмд""",7743208040,0
090f6caf-7c9d-7ff3-1b47-d181818ec8ee,31.07.2018,01.01.2018,"наыеярбн я нцпюмхвеммни нрберярбеммнярэч ""опнлхмфхмхпхмц""",2466181691,8
99856bfc-f064-00a0-c054-156cb636f87b,31.07.2018,01.01.2018,"наыеярбн я нцпюмхвеммни нрберярбеммнярэч ""пнък йнлтнпр""",0572017996,0
ef10dcf5-a1f2-62c8-29a4-98e6fcdc7996,31.07.2018,01.01.2018,"наыеярбн я нцпюмхвеммни нрберярбеммнярэч ""бпледхю""",2461037260,0
b7ef58dd-4bf7-d40a-d010-d9daa49a75fd,31.07.2018,01.01.2018,"наыеярбн я нцпюмхвеммни нрберярбеммнярэч ""щмепцняхмрег""",2463108502,1
ef0cb52c-52ad-7e0a-b5aa-fd62a8280bb7,31.07.2018,01.01.2018,"наыеярбн я нцпюмхвеммни нрберярбеммнярэч ""рпюмгхр-ю""",2462055304,1
40ac1404-d368-e38f-2284-481e88ec0b42,31.07.2018,01.01.2018,"наыеярбн я нцпюмхвеммни нрберярбеммнярэч ""ъпнбхр""",2465165070,1
09b38fc3-8346-67b4-dfc8-47053c6ea7c7,31.07.2018,01.01.2018,"наыеярбн я нцпюмхвеммни нрберярбеммнярэч ""юцемр оай окчя""",2466181701,0
ebef98c5-63fc-2516-fe77-843e47a39d8c,31.07.2018,01.01.2018,"наыеярбн я нцпюмхвеммни нрберярбеммнярэч рнпцнбши днл ""йпхярюкк""",2466181719,1
92e1b513-cd6b-d330-38e5-2210ba69c3c2,31.07.2018,01.01.2018,"наыеярбн я нцпюмхвеммни нрберярбеммнярэч ""ебпнйкхмхмц""",7807169150,1
96a686be-bee2-0028-d0be-d1a212a37d8b,31.07.2018,01.01.2018,"наыеярбн я нцпюмхвеммни нрберярбеммнярэч ""юцпн58""",5833006704,0
eade87d1-c386-c958-ef84-16b9e9d384f9,31.07.2018,01.01.2018,"наыеярбн я нцпюмхвеммни нрберярбеммнярэч ""рй бюмцюь""",2465165087,7
1d6a3cbb-98e9-0295-24d2-3befbfe301ff,31.07.2018,01.01.2018,"наыеярбн я нцпюмхвеммни нрберярбеммнярэч ""пецхнмюкэмши жемрп аегноюямнярх""",2461037278,3
ec74f41f-7e74-6808-9486-b4edd4af170b,31.07.2018,01.01.2018,"наыеярбн я нцпюмхвеммни нрберярбеммнярэч ""йюдюярпнбюъ юпрекэ""",5044108530,2
ab12f861-00f2-4bd9-af48-dc0e240f83f9,31.07.2018,01.01.2018,"наыеярбн я нцпюмхвеммни нрберярбеммнярэч ""реюрпюкэмне юцемрярбн ""оеплцкюбйнмжепр""",5904350632,1
d7e6136a-68af-286b-41b6-f2a981d7bd03,31.07.2018,01.01.2018,"наыеярбн я нцпюмхвеммни нрберярбеммнярэч ""ангшкебя""",2460103270,1
e3fb0064-4bad-b931-c688-4526f15ca4f0,31.07.2018,01.01.2018,"наыеярбн я нцпюмхвеммни нрберярбеммнярэч ""чпрсп""",2463108510,1
de8aa24b-3e07-f379-9383-579a2bd0f6cc,31.07.2018,01.01.2018,"наыеярбн я нцпюмхвеммни нрберярбеммнярэч ""окюмерю йнте""",2465165094,4
be90a5ba-ab81-f351-3b3b-fbfff2c4ec54,31.07.2018,01.01.2018,"наыеярбн я нцпюмхвеммни нрберярбеммнярэч ""жемрп йнмяскэрюжхи""",7814690437,1
db3cbaba-5c89-df4c-a919-1dad4d70b046,31.07.2018,01.01.2018,"наыеярбн я нцпюмхвеммни нрберярбеммнярэч ""пебепя-рпюмя""",2224186556,1
ba6acd9f-7147-fc0e-16e7-6ce2fae1b1d1,31.07.2018,01.01.2018,"наыеярбн я нцпюмхвеммни нрберярбеммнярэч ""мепсд опнл""",5040148644,5
87f11189-9d1f-86d4-7f06-73b1fa16e5f4,31.07.2018,01.01.2018,"наыеярбн я нцпюмхвеммни нрберярбеммнярэч ""лндскэярпни""",7453309294,1
36fb07d0-e380-1b41-5855-07849abf581e,31.07.2018,01.01.2018,"наыеярбн я нцпюмхвеммни нрберярбеммнярэч ""щмбеккю""",6230103763,1
1b56ab06-c98f-5444-e1c5-80644ce8130b,31.07.2018,01.01.2018,"наыеярбн я нцпюмхвеммни нрберярбеммнярэч ""юцпнкхдеп-л""",3666218975,2
99f49955-b33e-ee0b-d34e-96068312022a,31.07.2018,01.01.2018,"наыеярбн я нцпюмхвеммни нрберярбеммнярэч ""бюь хмдхбхдсюкэмши рспюцемр""",5074057339,1
f20934b7-4d78-93e7-c2c7-07886ed9dc93,31.07.2018,01.01.2018,"наыеярбн я нцпюмхвеммни нрберярбеммнярэч ""щплхрюкэ""",7714993371,1
1df6c852-ddd1-a31b-51f7-db546ec5b77b,31.07.2018,01.01.2018,"наыеярбн я нцпюмхвеммни нрберярбеммнярэч ""пхнм""",6229085894,0
e73243b6-49a6-bcb2-c4c5-190866b16374,31.07.2018,01.01.2018,"наыеярбн я нцпюмхвеммни нрберярбеммнярэч ""юкэася""",7724409231,0
67fb757d-515b-999f-83b3-7ebdd8775bd1,31.07.2018,01.01.2018,"наыеярбн я нцпюмхвеммни нрберярбеммнярэч ""ледхюцпсоо""",7708316854,1
c4c4928b-9cc3-eeb4-5861-32163185a582,31.07.2018,01.01.2018,"наыеярбн я нцпюмхвеммни нрберярбеммнярэч ""щкелемр-л""",7451422456,1
62f77bde-eedc-bd88-1f32-74edea474491,31.07.2018,01.01.2018,"наыеярбн я нцпюмхвеммни нрберярбеммнярэч ""люрхйю""",7708316861,1
1de4a4e8-4b0c-e1c0-4ec4-d45057ef785b,31.07.2018,01.01.2018,"наыеярбн я нцпюмхвеммни нрберярбеммнярэч ""реуярюик цпсоо""",7724409249,0
7e1b45ed-70f6-51c1-5210-9033684fd059,31.07.2018,01.01.2018,"наыеярбн я нцпюмхвеммни нрберярбеммнярэч ""йб-яепбхяцпсоо""",5957018614,1
81f0e0a2-14fc-a46e-6634-eebe06012dd8,31.07.2018,01.01.2018,"наыеярбн я нцпюмхвеммни нрберярбеммнярэч ""юрпхсл""",3915012712,1
6dfd11a3-9b19-d343-d917-c3b783fd1b52,31.07.2018,01.01.2018,"наыеярбн я нцпюмхвеммни нрберярбеммнярэч ""янкмевмши йпсхг х й""",6167138600,1
6ffd0fff-2414-ba33-2b29-b971a38e6b4f,31.07.2018,01.01.2018,"наыеярбн я нцпюмхвеммни нрберярбеммнярэч ""дфхмя-л""",6234169123,1
64435a7b-f8a9-5847-6117-06e83244fdd3,31.07.2018,01.01.2018,наыеярбн я нцпюмхвеммни нрберярбеммнярэч ╚днм медбхфхлнярэ╩,6162075515,1
a576fb2f-39f7-7469-260d-9c86e734eecb,31.07.2018,01.01.2018,"наыеярбн я нцпюмхвеммни нрберярбеммнярэч ""мюпсрн""",5835123474,1
13466665-8ed5-56ad-642f-2f9b3df50260,31.07.2018,01.01.2018,"наыеярбн я нцпюмхвеммни нрберярбеммнярэч ""юцпн-опндсйр""",5038127358,0
c9048308-8ae7-b398-34f7-3ffcc89b380a,31.07.2018,01.01.2018,"наыеярбн я нцпюмхвеммни нрберярбеммнярэч ""щмепцхъопнтреумнкндфх""",5038127372,0
d4e38148-36fc-6373-a736-f16edcb1d3d2,31.07.2018,01.01.2018,"наыеярбн я нцпюмхвеммни нрберярбеммнярэч ""иепю""",6168092549,2
bd00e121-6263-1e6e-3a8a-446dc42f26c5,31.07.2018,01.01.2018,"наыеярбн я нцпюмхвеммни нрберярбеммнярэч ""рюкеп""",6168092556,1
44e92b95-a956-d56a-295a-dd22487582c7,31.07.2018,01.01.2018,"наыеярбн я нцпюмхвеммни нрберярбеммнярэч ""тнрхмхъ+""",6163154294,1
17f022fe-2f8a-2736-5b73-e90a901743c9,31.07.2018,01.01.2018,"наыеярбн я нцпюмхвеммни нрберярбеммнярэч ""цюпюмр""",6167138617,2
c5a1877b-5cd3-d68d-7f43-c5c284b20ac5,31.07.2018,01.01.2018,"наыеярбн я нцпюмхвеммни нрберярбеммнярэч ""яебепн-гюоюдмюъ рнпцнбюъ йнлоюмхъ""",4710013058,0
6054a067-ddc0-6286-691d-20343704cf1f,31.07.2018,01.01.2018,"наыеярбн я нцпюмхвеммни нрберярбеммнярэч ""мювюкн""",7722397816,1
2bb4bd7d-73b9-f7a4-8e39-109fcf354ba8,31.07.2018,01.01.2018,"наыеярбн я нцпюмхвеммни нрберярбеммнярэч ""юлаеп""",7726402369,0
c92ce37b-3828-7a77-1b21-fa83df12de7c,31.07.2018,01.01.2018,"наыеярбн я нцпюмхвеммни нрберярбеммнярэч ""ярпни юпанкхр""",9721047964,9
e4f3ea3e-5297-9222-f25e-2b6c335ba0cf,31.07.2018,01.01.2018,"наыеярбн я нцпюмхвеммни нрберярбеммнярэч ""рхонцпютхъ ""бхлюоюй""",7716857078,2
b67fb16e-69e8-c4f2-03fc-98ef9042ea16,31.07.2018,01.01.2018,"наыеярбн я нцпюмхвеммни нрберярбеммнярэч ""юмрюпея""",9729080674,1
8e346ab7-e302-49c3-7595-76b3489faa77,31.07.2018,01.01.2018,"наыеярбн я нцпюмхвеммни нрберярбеммнярэч ""юйбюцпхм""",7706448380,1
f11febbc-bdbe-76d2-1a1f-44c1ac3a9273,31.07.2018,01.01.2018,"наыеярбн я нцпюмхвеммни нрберярбеммнярэч ""опнлонярюбйю""",9715302052,2
64941035-4f0c-d068-0680-922fc779bbb0,31.07.2018,01.01.2018,"наыеярбн я нцпюмхвеммни нрберярбеммнярэч ""яоежондгелопнейр хмфхмхпхмц""",7743208080,1
06b4b1c7-4895-5b00-a9d5-9c0ad452a5d4,31.07.2018,01.01.2018,"наыеярбн я нцпюмхвеммни нрберярбеммнярэч ""теяр щмепдфх""",9701074543,1
8f4eff49-5f05-f802-f477-3d4315c3fbaf,31.07.2018,01.01.2018,"наыеярбн я нцпюмхвеммни нрберярбеммнярэч ""яяю""",9710028688,1
4bef6421-4016-1c89-4494-233cdeed0991,31.07.2018,01.01.2018,"наыеярбн я нцпюмхвеммни нрберярбеммнярэч ""йюмрх цпсоо""",9701074550,2
a63e3679-d50f-fcc0-064e-90954444d5b3,31.07.2018,01.01.2018,"наыеярбн я нцпюмхвеммни нрберярбеммнярэч ""ояй бхй""",5009110409,1
e3fd4b40-3879-c868-6ca6-49caeef13cf8,31.07.2018,01.01.2018,"наыеярбн я нцпюмхвеммни нрберярбеммнярэч ""онрепъьей мер""",7733320815,1
e8d67ed0-7387-64bd-d0e8-994d7b331ebd,31.07.2018,01.01.2018,"наыеярбн я нцпюмхвеммни нрберярбеммнярэч ""уюгюп""",5406975328,1
78ee9dde-9016-3962-c3af-2b605d916e0c,31.07.2018,01.01.2018,"наыеярбн я нцпюмхвеммни нрберярбеммнярэч ""кюбюмдю""",7716857085,0
79e3f702-577b-ff2e-8a18-a1046bfac699,31.07.2018,01.01.2018,"наыеярбн я нцпюмхвеммни нрберярбеммнярэч ""ярпекю дя""",9709000303,0
5960b7a0-db75-7861-5efc-b2c6f946166d,31.07.2018,01.01.2018,"наыеярбн я нцпюмхвеммни нрберярбеммнярэч ""ярх опнейр""",9710028695,0
0773d62e-5ab0-d45e-e88a-95edf0b7e0b4,31.07.2018,01.01.2018,"наыеярбн я нцпюмхвеммни нрберярбеммнярэч ""апхг""",5405000590,1
7985fe68-7880-aedb-e255-3a9f6a0a44d6,31.07.2018,01.01.2018,"наыеярбн я нцпюмхвеммни нрберярбеммнярэч ""янкэ яхрх""",5404058446,3
7d3559c3-793c-6439-34ae-15d2b67da2aa,31.07.2018,01.01.2018,"наыеярбн я нцпюмхвеммни нрберярбеммнярэч ""мхйюцюг""",6950206522,2
d333f29c-0c1b-bffd-42d3-0c8a2813a439,31.07.2018,01.01.2018,"наыеярбн я нцпюмхвеммни нрберярбеммнярэч ""цюъ-оюй""",6102067774,4
4772157e-bce9-1fbf-1d00-69d9238f941e,31.07.2018,01.01.2018,"наыеярбн я нцпюмхвеммни нрберярбеммнярэч ""юцпнярюмдюпр""",6164114431,1
d9b848f0-8471-ae4e-298c-3b56ab417572,31.07.2018,01.01.2018,"наыеярбн я нцпюмхвеммни нрберярбеммнярэч ""днмйнл""",6167138624,3
11b42d03-e207-edf7-11d8-41f5c295c65c,31.07.2018,01.01.2018,"наыеярбн я нцпюмхвеммни нрберярбеммнярэч ""охюп цпсоо""",6165207449,0
68f60399-c2b3-4783-7bc7-6cd44f54b71b,31.07.2018,01.01.2018,"наыеярбн я нцпюмхвеммни нрберярбеммнярэч ""ощйрс-ярпни""",9729080681,0
84975461-9c68-0c2f-8887-7490f3648cc3,31.07.2018,01.01.2018,"наыеярбн я нцпюмхвеммни нрберярбеммнярэч ""янбунг опнбндмхй""",5022053277,16
8d4ad5cd-b803-0f0c-9626-1fcea8cf55ff,31.07.2018,01.01.2018,"юйжхнмепмне наыеярбн ""нянаюъ щйнмнлхвеяйюъ гнмю ""яюмйр-оерепаспц""",7819036901,2
d61883ce-7c39-b127-e7c6-95ca3009f92c,31.07.2018,01.01.2018,"наыеярбн я нцпюмхвеммни нрберярбеммнярэч ""йнялеъ""",7724409256,7
60251139-b6da-848f-e0c5-ed749c1c7e6a,31.07.2018,01.01.2018,"наыеярбн я нцпюмхвеммни нрберярбеммнярэч ""юбрнм""",7736301120,1
a4d78635-fd1f-4119-ab7c-6feb3b3ff9d8,31.07.2018,01.01.2018,"наыеярбн я нцпюмхвеммни нрберярбеммнярэч ""чпхдхвеяйюъ опюйрхйю ""яегюп йнмяюкрхмц""",7730235135,1
c3603d6c-3bf5-c81c-0839-1f75f353c77d,31.07.2018,01.01.2018,"наыеярбн я нцпюмхвеммни нрберярбеммнярэч ""реумнхлоскэя""",5010053240,1
a6371b7b-0bc5-b90c-fb73-9cf27aaf1558,31.07.2018,01.01.2018,"наыеярбн я нцпюмхвеммни нрберярбеммнярэч ""дюцеярюмяйне онкмняхярелмне хмдсярпхюкэмне пшанбндвеяйне унгъиярбн""",0517005319,29
8d984a2b-dd2e-5c04-c05c-a2a787e30877,31.07.2018,01.01.2018,"наыеярбн я нцпюмхвеммни нрберярбеммнярэч ""юмо цпсоо""",9729080699,1
d424f05f-ac04-2c45-f3ea-553f4bd5456f,31.07.2018,01.01.2018,"наыеярбн я нцпюмхвеммни нрберярбеммнярэч ""лнахйнмя-чц""",6163154304,1
47ab39f7-a457-4d9d-bab4-2fa8bbc4a9a7,31.07.2018,01.01.2018,"наыеярбн я нцпюмхвеммни нрберярбеммнярэч ""юбрнпхл""",6141051898,0
186e893b-9b48-4dee-47e8-08f6856459eb,31.07.2018,01.01.2018,"наыеярбн я нцпюмхвеммни нрберярбеммнярэч ""йпхярюкк""",3918013714,1
8d698f3f-37b8-db34-f73a-e04a900b2ed3,31.07.2018,01.01.2018,"наыеярбн я нцпюмхвеммни нрберярбеммнярэч ""юпхбюя""",9701074575,2
1c18f42a-b0f9-a2f1-2c2a-4899a7dea453,31.07.2018,01.01.2018,"наыеярбн я нцпюмхвеммни нрберярбеммнярэч ""пнък яоеия""",7720380528,3
a60c7140-3392-852e-8a77-b13e29e5d400,31.07.2018,01.01.2018,"наыеярбн я нцпюмхвеммни нрберярбеммнярэч ""ебпн-лед""",4217183340,1
2c1e2671-ccf3-0d5c-8685-775a96c9ce3d,31.07.2018,01.01.2018,"наыеярбн я нцпюмхвеммни нрберярбеммнярэч ""тнпрсмю""",4217183357,2
746763c0-0198-93db-3a8d-55bdf812b6a4,31.07.2018,01.01.2018,"наыеярбн я нцпюмхвеммни нрберярбеммнярэч ""рюкхялюм""",3662248584,1
855b469d-3e60-6255-71fa-e1a9b2b34100,31.07.2018,01.01.2018,"наыеярбн я нцпюмхвеммни нрберярбеммнярэч ""нмхйя""",3528272079,1
2a5ee743-9971-78a2-d1ab-fe6cc96f3102,31.07.2018,01.01.2018,"наыеярбн я нцпюмхвеммни нрберярбеммнярэч ""юкэтю опн +""",3528272086,0
6f3f58fa-644d-ae36-3c32-30167f5993af,31.07.2018,01.01.2018,"наыеярбн я нцпюмхвеммни нрберярбеммнярэч мюсвмн-опнхгбндярбеммне назедхмемхе ""яепрщйя""",4205354777,3
9e44cd88-9bf5-9cbe-642a-dbc6166f6120,31.07.2018,01.01.2018,"наыеярбн я нцпюмхвеммни нрберярбеммнярэч ""пюдхнлхп""",5405000618,8
51ae3091-940f-5127-3d7e-317d6e18a46a,31.07.2018,01.01.2018,"наыеярбн я нцпюмхвеммни нрберярбеммнярэч ""нонпю""",5410067720,0
0a54dedf-f028-6b9e-7539-593b8b1f3e23,31.07.2018,01.01.2018,"наыеярбн я нцпюмхвеммни нрберярбеммнярэч ""яюотхп""",5403030600,1
49a3914a-d21d-5809-9609-2dbe956ab1d9,31.07.2018,01.01.2018,"наыеярбн я нцпюмхвеммни нрберярбеммнярэч ""аемж""",7448202789,1
2cbf2254-1783-760c-3803-3f5272021a3b,31.07.2018,01.01.2018,"наыеярбн я нцпюмхвеммни нрберярбеммнярэч ""рпюмяюгхъ кндфхярхй""",5403030617,1
65d1d4b3-2209-3fc3-0f0a-59cee2733c37,31.07.2018,01.01.2018,"наыеярбн я нцпюмхвеммни нрберярбеммнярэч ""яхрхлед""",5407964216,2
f553328c-e385-2b4a-8b33-f71d01fd9c70,31.07.2018,01.01.2018,"наыеярбн я нцпюмхвеммни нрберярбеммнярэч ""опндчяепяйхи жемрп ""янпнйю-дфюгг""",4802004906,1
c85e88b1-e310-ef3e-b5c9-ff8e494720f1,31.07.2018,01.01.2018,"наыеярбн я нцпюмхвеммни нрберярбеммнярэч ""юпкенм""",4807040150,1
b26646bb-6511-54ec-07d2-8fa5338c70bf,31.07.2018,01.01.2018,"наыеярбн я нцпюмхвеммни нрберярбеммнярэч ""юцпнберопнейр""",3665140420,1
76e00b1f-4b84-8f17-3c59-154048005a8f,31.07.2018,01.01.2018,"наыеярбн я нцпюмхвеммни нрберярбеммнярэч ""йбя ярпни""",5049023640,0
7817dbb8-10e5-b381-6777-64ca5c79028a,31.07.2018,01.01.2018,"наыеярбн я нцпюмхвеммни нрберярбеммнярэч ""юйбюреужемрп""",3906354460,1
51462252-c8e9-9d47-456c-74bbee159b06,31.07.2018,01.01.2018,"наыеярбн я нцпюмхвеммни нрберярбеммнярэч ""онкдемэ""",7014062360,1
9ae47d3e-7891-c788-8dc3-0ba847ab1c78,31.07.2018,01.01.2018,"наыеярбн я нцпюмхвеммни нрберярбеммнярэч ""рнпцнбши днл ""кхдеп""",3019021994,1
5fa66b9d-bc8d-e8a6-68fb-df80e3b2e24e,31.07.2018,01.01.2018,"наыеярбн я нцпюмхвеммни нрберярбеммнярэч ""юярпюуюмэрнпцреумхйю-яепбхя""",3025030683,1
6379d3d4-7d8f-3916-5e8f-cd80cd44ea3c,31.07.2018,01.01.2018,"наыеярбн я нцпюмхвеммни нрберярбеммнярэч ""дхюлюмр""",2807005755,1
79d07567-faf2-9e0d-ff10-97deb3523c7e,31.07.2018,01.01.2018,"наыеярбн я нцпюмхвеммни нрберярбеммнярэч ""юиопндфейрокчя""",7017424473,3
3f7b84ab-c863-963a-bc22-3780888b1326,31.07.2018,01.01.2018,"наыеярбн я нцпюмхвеммни нрберярбеммнярэч ""юпухрейрспю х дхгюим""",7203418660,1
4afbe1a3-003f-3f1c-80d4-c73f55dc9e92,31.07.2018,01.01.2018,"наыеярбн я нцпюмхвеммни нрберярбеммнярэч ""опнейр""",5041205831,1
8ecd66a6-6b87-03f8-86d3-5b18c3a0aa61,31.07.2018,01.01.2018,"наыеярбн я нцпюмхвеммни нрберярбеммнярэч ""рнпцнбши днл ""ярпнийнлокейрюжхъ""",7203418678,3
184d1874-32e0-a2db-dd5a-1c2632464b5d,31.07.2018,01.01.2018,"наыеярбн я нцпюмхвеммни нрберярбеммнярэч ""мнпд йнлокейр""",8602277438,1
6a08c215-f1c0-9274-e29a-be1ccc124d5e,31.07.2018,01.01.2018,"наыеярбн я нцпюмхвеммни нрберярбеммнярэч ""дюилщйя""",6950206530,5
07ec9f89-4ad9-bb0d-7db6-22c0fc56cf12,31.07.2018,01.01.2018,"наыеярбн я нцпюмхвеммни нрберярбеммнярэч ""гюоюямше вюярх-окчя""",8602277445,0
3f91487c-02d6-6522-2fc1-4f7bc8f983d5,31.07.2018,01.01.2018,"наыеярбн я нцпюмхвеммни нрберярбеммнярэч ""ярпнирпюмяйюохрюк""",8602277452,1
1b498c1a-1b9c-c627-0976-ae716b5479b2,31.07.2018,01.01.2018,"наыеярбн я нцпюмхвеммни нрберярбеммнярэч ""дбепмхй 72""",7203418685,2
f7eb76c2-bc74-b87a-c4c3-e0ad743fa306,31.07.2018,01.01.2018,"наыеярбн я нцпюмхвеммни нрберярбеммнярэч ""щкэаю""",7017424480,1
e69b24ab-7aed-8d85-9c49-a8c8257e5949,31.07.2018,01.01.2018,"наыеярбн я нцпюмхвеммни нрберярбеммнярэч ""опнлцюг пся""",5041205849,1
f52192e3-c18d-68ee-65d5-676054e0886a,31.07.2018,01.01.2018,"наыеярбн я нцпюмхвеммни нрберярбеммнярэч ""лецюярпни""",3702177396,0
b67a339a-df7c-57ad-f75c-7b5d4097f333,31.07.2018,01.01.2018,"наыеярбн я нцпюмхвеммни нрберярбеммнярэч ""кхжемгхнммши йнмрпнкэ""",7453309304,1
1e56b079-4482-2a96-568f-c6f27f633ed7,31.07.2018,01.01.2018,"наыеярбн я нцпюмхвеммни нрберярбеммнярэч ""аюгхя йюохрюк""",7017424498,1
f3359b85-8849-c3dd-9e37-0590ff33a4dd,31.07.2018,01.01.2018,"наыеярбн я нцпюмхвеммни нрберярбеммнярэч ""лецюрпюмя""",7203418692,7
cd74fb93-68e5-669e-8a8a-57436b41ac3c,31.07.2018,01.01.2018,"наыеярбн я нцпюмхвеммни нрберярбеммнярэч ""юпхщкэ""",7802620121,1
0fe930b0-1f80-146b-7ba7-39aecdb3e06a,31.07.2018,01.01.2018,"наыеярбн я нцпюмхвеммни нрберярбеммнярэч ""опнхгбндярбеммне назедхмемхе ""люрепхюкш х йнмярпсйжхх""",7814690444,1
fd8dc415-0d9a-9811-097e-adc76bbaa8fb,31.07.2018,01.01.2018,"наыеярбн я нцпюмхвеммни нрберярбеммнярэч ""опнлщйяоепр як""",7807169230,3
33ec11cd-e571-7e7b-69ed-ba234d58dfb3,31.07.2018,01.01.2018,"наыеярбн я нцпюмхвеммни нрберярбеммнярэч ""яря цпсоо""",5053044650,1
cf49d7fd-8bef-9691-74f0-e4407c43b092,31.07.2018,01.01.2018,"наыеярбн я нцпюмхвеммни нрберярбеммнярэч ""цпхтнм""",7714993396,1
261d3e7e-f825-fe85-22f8-0f7ab8260bb5,31.07.2018,01.01.2018,"наыеярбн я нцпюмхвеммни нрберярбеммнярэч ""юкэрю""",7810683206,0
088cb9ae-5e83-ee9c-b360-5745784436b7,31.07.2018,01.01.2018,"наыеярбн я нцпюмхвеммни нрберярбеммнярэч ""мнбндемр""",5053044667,1
23087cd1-9ff4-3751-e8d3-2e809e5f9b65,31.07.2018,01.01.2018,"наыеярбн я нцпюмхвеммни нрберярбеммнярэч ""опнхгбндярбеммн-йнллепвеяйюъ тхплю ""оскэя""",5503174588,0
212d271b-23b4-4819-dcee-92f328b63d3a,31.07.2018,01.01.2018,"наыеярбн я нцпюмхвеммни нрберярбеммнярэч рд ""яхярел-яепбхя""",1841071114,1
0d593d5f-d514-d3f1-e2ce-cf0ae85cf3ce,31.07.2018,01.01.2018,"наыеярбн я нцпюмхвеммни нрберярбеммнярэч ""беярбхфм""",9723028371,1
f8a84530-b735-6cf9-d917-5d4877fa4437,31.07.2018,01.01.2018,"наыеярбн я нцпюмхвеммни нрберярбеммнярэч ""опнл-кюим""",7842134270,1
cbf73e2a-e3f4-5bc4-15d0-1f0b62aee7c9,31.07.2018,01.01.2018,"наыеярбн я нцпюмхвеммни нрберярбеммнярэч ""кюгеп опн""",1841071121,4
a9db6c26-c031-3745-66ba-891b209b8cbe,31.07.2018,01.01.2018,"наыеярбн я нцпюмхвеммни нрберярбеммнярэч ""ахгмеяярюмдюпр""",7708316903,1
57e72be6-5599-de01-fcfd-cb1f8983c258,31.07.2018,01.01.2018,"наыеярбн я нцпюмхвеммни нрберярбеммнярэч ""нпухдеъ""",7816640329,1
e9dfdad2-a601-92fa-5dae-805e0fe5740b,31.07.2018,01.01.2018,"наыеярбн я нцпюмхвеммни нрберярбеммнярэч ""кхдепухл""",6732144844,1
3a666b44-41b0-513c-4c58-a77dff54dea7,31.07.2018,01.01.2018,"наыеярбн я нцпюмхвеммни нрберярбеммнярэч ""кебхютюм""",1831184990,0
3f0bbfff-9d1d-9070-5d83-5cc09e64e37f,31.07.2018,01.01.2018,"наыеярбн я нцпюмхвеммни нрберярбеммнярэч ""лерюккопнейр""",9729080709,1
066e9111-028f-3ac0-118d-cbe6e7dc6682,31.07.2018,01.01.2018,"наыеярбн я нцпюмхвеммни нрберярбеммнярэч ""сопюбкъчыюъ йнлоюмхъ пхюкбеа""",7813278220,2
5ced7ea8-b6a0-f3ed-c839-7609894990e8,31.07.2018,01.01.2018,"наыеярбн я нцпюмхвеммни нрберярбеммнярэч ""оюпхрер""",3702177413,0
eb9ca5fd-d43c-f1a6-32b7-9b94bee71375,31.07.2018,01.01.2018,"наыеярбн я нцпюмхвеммни нрберярбеммнярэч ""цпюмрз""",7802620139,1
28a750ca-98b2-7386-f861-060b1c106e2b,31.07.2018,01.01.2018,"наыеярбн я нцпюмхвеммни нрберярбеммнярэч ""юцюрю-яепбхя""",1828029258,1
7faad1ca-5b6f-0f58-4400-fd7f753e756c,31.07.2018,01.01.2018,"наыеярбн я нцпюмхвеммни нрберярбеммнярэч ""ярюпюъ няюйю""",7804597647,4
e093317c-4bb0-8203-bc44-6758234c3cc7,31.07.2018,01.01.2018,"наыеярбн я нцпюмхвеммни нрберярбеммнярэч ""яглйн""",7840066120,0
0e212a1e-d2ab-e796-e5f2-d50771fc1a47,31.07.2018,01.01.2018,"наыеярбн я нцпюмхвеммни нрберярбеммнярэч ""чмю-йнл оерепаспц""",7810683220,1
07aa50b9-2bfc-5bd6-036e-519e43ad94b7,31.07.2018,01.01.2018,"наыеярбн я нцпюмхвеммни нрберярбеммнярэч ""норрнпц""",7841059090,1
6e9612fd-7ad2-4da1-de78-4169b3528482,31.07.2018,01.01.2018,"наыеярбн я нцпюмхвеммни нрберярбеммнярэч ""мю-йкюяя""",7806268366,1
2603a341-f932-1246-2a71-08f0166d7acd,31.07.2018,01.01.2018,"наыеярбн я нцпюмхвеммни нрберярбеммнярэч ""опнцпеяя""",5507254724,1
cf860c5d-cb28-e919-b4fa-3546ccd15a7c,31.07.2018,01.01.2018,"наыеярбн я нцпюмхвеммни нрберярбеммнярэч ""рпюмяйкхмхмц""",7801332018,0
a6c8185e-4a8e-15e1-5bd6-bab7f9c2182d,31.07.2018,01.01.2018,"наыеярбн я нцпюмхвеммни нрберярбеммнярэч ""йнкнджнб""",7807169255,1
737585cf-37ca-138c-f6dc-f8eaaf457859,31.07.2018,01.01.2018,"наыеярбн я нцпюмхвеммни нрберярбеммнярэч ""лхп реокхж""",7838069130,1
4048431b-cd5d-40ff-6653-3fa49ef6a16b,31.07.2018,01.01.2018,"наыеярбн я нцпюмхвеммни нрберярбеммнярэч ""люякю х ялюгйх""",8615003970,2
999912ab-9e40-ed52-e4d9-73d5f0e1ede0,31.07.2018,01.01.2018,"наыеярбн я нцпюмхвеммни нрберярбеммнярэч ""хгнкъжхнммши гюбнд янберяйхи""",7811648236,2
637eb2aa-106a-d203-cd76-5e6a64cbdf55,31.07.2018,01.01.2018,"наыеярбн я нцпюмхвеммни нрберярбеммнярэч ""сопюбкъчыюъ йнлоюмхъ яебеп яхрх""",8601064571,4
726bde19-63f6-8727-cb7e-6a276b58d5df,31.07.2018,01.01.2018,"наыеярбн я нцпюмхвеммни нрберярбеммнярэч ""опнтйнлокейр""",7810683238,2
661d364e-1da9-79e5-1f8c-ea064fcacdcb,31.07.2018,01.01.2018,"наыеярбн я нцпюмхвеммни нрберярбеммнярэч ""сопюбкъчыюъ йнлоюмхъ ""хмдсярпхюкэмши оюпй - чцпю""",8602277460,0
94c69c8a-4db9-f342-93a6-9a7f8abbbe10,31.07.2018,01.01.2018,"наыеярбн я нцпюмхвеммни нрберярбеммнярэч ""лерюккхмбеяр+""",5252041780,0
e8135d2f-ae40-31f5-ccde-98c2506ba794,31.07.2018,01.01.2018,"наыеярбн я нцпюмхвеммни нрберярбеммнярэч ""реумнопнтхкэ""",5020082530,2
fa962dc6-9a49-d0fb-36e7-ae3f689dc518,31.07.2018,01.01.2018,"наыеярбн я нцпюмхвеммни нрберярбеммнярэч ""тхярюьйю""",5257172836,2
c5b22180-0d2c-9f91-80ce-1b4228b51e5f,31.07.2018,01.01.2018,"наыеярбн я нцпюмхвеммни нрберярбеммнярэч ""норхлю""",3702177420,0
ae150a5e-b070-362a-6278-dcb61520c5a3,31.07.2018,01.01.2018,"наыеярбн я нцпюмхвеммни нрберярбеммнярэч ""цхдпнярпни""",7203418702,2
6a5033d7-bba5-cd44-b58a-c52126c052cc,31.07.2018,01.01.2018,"наыеярбн я нцпюмхвеммни нрберярбеммнярэч ""пеяспя""",3123413116,1
fc90918e-43bf-fb8e-e98a-66af63074638,31.07.2018,01.01.2018,"наыеярбн я нцпюмхвеммни нрберярбеммнярэч ""цюгхмфхмхпхмцопнейр""",5904350664,0
82b5d1ac-d4d1-d76b-32b8-ab047783fb77,31.07.2018,01.01.2018,"наыеярбн я нцпюмхвеммни нрберярбеммнярэч ""кенм""",5190070281,0
39ee785a-100f-9302-75ee-c760bdf1d9f6,31.07.2018,01.01.2018,"наыеярбн я нцпюмхвеммни нрберярбеммнярэч ""лсплюмяй йпчхмц лемедфлемр""",5190070274,6
28247e1c-2aa1-486c-8709-b6b57051ae63,31.07.2018,01.01.2018,"наыеярбн я нцпюмхвеммни нрберярбеммнярэч ""йнлреуярпни""",6686094681,0
8256a5dd-d552-2a25-3a52-c181659d5856,31.07.2018,01.01.2018,"наыеярбн я нцпюмхвеммни нрберярбеммнярэч ""тюаскю""",6686094699,0
7e2d5b10-fbd4-e0e5-0461-5f9aec565499,31.07.2018,01.01.2018,"наыеярбн я нцпюмхвеммни нрберярбеммнярэч ""реумн пюгбхрхе""",6686094709,0
9e7a45e0-d149-263e-77c8-6abb26bf0118,31.07.2018,01.01.2018,"наыеярбн я нцпюмхвеммни нрберярбеммнярэч ""опнлреумнтхмюмя""",7708316910,1
43a2da35-eea6-6e1b-65ce-70198886eac9,31.07.2018,01.01.2018,"наыеярбн я нцпюмхвеммни нрберярбеммнярэч ""днпелх""",6686094716,1
9b4416bb-07ea-d124-3a28-e7c3f15058cb,31.07.2018,01.01.2018,"наыеярбн я нцпюмхвеммни нрберярбеммнярэч ""пняр""",2902084242,0
f86c481d-517a-9b5a-0ff9-b536f4880693,31.07.2018,01.01.2018,"наыеярбн я нцпюмхвеммни нрберярбеммнярэч ""нор29""",2901285556,1
0fd10d75-9f31-6482-f114-a6a409c5f655,31.07.2018,01.01.2018,"наыеярбн я нцпюмхвеммни нрберярбеммнярэч ""цнпмне сопюбкемхе асякнбяйне""",4704101806,0
0b7c21bc-9f2d-6fcf-a429-15f84a59bf80,31.07.2018,01.01.2018,"наыеярбн я нцпюмхвеммни нрберярбеммнярэч ""хярнй""",2901285563,0
6184f5cd-fb68-7d15-cc2c-aea25713e9c2,31.07.2018,01.01.2018,"наыеярбн я нцпюмхвеммни нрберярбеммнярэч ""мнбнреу""",5032282685,2
fb0cbaa3-06bd-c8c8-3cd3-3781d6f5d6a0,31.07.2018,01.01.2018,"наыеярбн я нцпюмхвеммни нрберярбеммнярэч ""метрецюгнбши рпеидеп ""цпняя""",5032282773,1
eb533270-11bf-af09-7d2b-a5b13d72c9f7,31.07.2018,01.01.2018,"наыеярбн я нцпюмхвеммни нрберярбеммнярэч ""спюклюьщкейрпнмюцпеб""",6686094723,1
ebbbbeb0-be39-afab-c618-5e78a573c2b1,31.07.2018,01.01.2018,"наыеярбн я нцпюмхвеммни нрберярбеммнярэч ""бхюмю""",5032282780,1
354a171d-a2a6-f0f8-28d8-145343d56577,31.07.2018,01.01.2018,"наыеярбн я нцпюмхвеммни нрберярбеммнярэч ""оюпхрер""",5032282808,1
d7946b7c-8b86-89f4-301e-962be593a413,31.07.2018,01.01.2018,"наыеярбн я нцпюмхвеммни нрберярбеммнярэч ""цеплея-пеяр""",5904350671,0
84438d4e-d2e0-d85c-1d1c-19868456fe9a,31.07.2018,01.01.2018,"наыеярбн я нцпюмхвеммни нрберярбеммнярэч ""кнлаюпд ндхмжнбн""",5032282798,2
0fbaaccd-8cc1-3c9b-824c-9d2c16601160,31.07.2018,01.01.2018,"наыеярбн я нцпюмхвеммни нрберярбеммнярэч ""ярюпрлюяреп""",4401180647,7
f027bb10-bc7d-1513-81a8-3ebd76fb803d,31.07.2018,01.01.2018,"наыеярбн я нцпюмхвеммни нрберярбеммнярэч ""спюкярпнилерюкк""",6686094748,63
d2961a42-2d61-59e6-d086-c8fe47b6bf42,31.07.2018,01.01.2018,"наыеярбн я нцпюмхвеммни нрберярбеммнярэч ""оюйхмц""",3702177438,1
c5c77e19-8162-192c-c1d9-81e934d62ad9,31.07.2018,01.01.2018,"наыеярбн я нцпюмхвеммни нрберярбеммнярэч ""мейяр""",2901285570,10
20be1da7-3f37-d0a4-728e-938a1fbfe094,31.07.2018,01.01.2018,"наыеярбн я нцпюмхвеммни нрберярбеммнярэч ""яебеп аернм""",2901285588,1
5168d883-d9f7-8e83-cbde-f282b7c9da19,31.07.2018,01.01.2018,"наыеярбн я нцпюмхвеммни нрберярбеммнярэч ""юркюмр""",7447272543,1
fc5ffa86-0595-e2b5-ae9e-95cfb43fc280,31.07.2018,01.01.2018,"наыеярбн я нцпюмхвеммни нрберярбеммнярэч ""юйяхнлю-чц""",2311236242,0
cbe396a2-e27b-4fc0-0c71-317b5aae6c4f,31.07.2018,01.01.2018,"наыеярбн я нцпюмхвеммни нрберярбеммнярэч ""няюцн+""",1658199771,1
917e242d-af57-788a-5a96-3be827e66219,31.07.2018,01.01.2018,"наыеярбн я нцпюмхвеммни нрберярбеммнярэч ""йнпнкебяйхе аеяедш""",1658199789,3
e3fd8306-0304-5829-76e3-cd8628e5496d,31.07.2018,01.01.2018,"наыеярбн я нцпюмхвеммни нрберярбеммнярэч ""кхмйнп-реумнкнцхъ яхярел""",1650348453,2
a3b1ee9e-9158-9750-0ddb-51198ea1e63a,31.07.2018,01.01.2018,"наыеярбн я нцпюмхвеммни нрберярбеммнярэч ""опнтнанпсднбюмхе""",1657236910,1
d01b674e-a3e2-bbb1-3492-c66c9fa5ab7f,31.07.2018,01.01.2018,"наыеярбн я нцпюмхвеммни нрберярбеммнярэч ""рй пецхнм""",1650348460,1
a724c80a-71b0-bc7c-bd04-28702321e7e9,31.07.2018,01.01.2018,"наыеярбн я нцпюмхвеммни нрберярбеммнярэч""лецюрпхйя""",1657236928,0
5cef69dd-d646-f11c-94b0-e81cdbbd75c0,31.07.2018,01.01.2018,"наыеярбн я нцпюмхвеммни нрберярбеммнярэч ""нкхлоярпнищйяоепр""",1650348478,1
8bf380d6-dc41-5b66-f75f-64afe11127b5,31.07.2018,01.01.2018,"наыеярбн я нцпюмхвеммни нрберярбеммнярэч ""рнпцнбши днл ""йюлемэ онбнкфэъ""",1660293482,1
56a25c80-312c-5dd6-a4c4-49add59a2f1b,31.07.2018,01.01.2018,"наыеярбн я нцпюмхвеммни нрберярбеммнярэч ""петрпюмя""",1650348485,1
3afaeaad-44a9-6f7b-6a4f-67afc1724740,31.07.2018,01.01.2018,"наыеярбн я нцпюмхвеммни нрберярбеммнярэч ""цейрнп""",1655386533,1
1909c0e0-2dd0-f21e-da95-186d2b94810c,31.07.2018,01.01.2018,"наыеярбн я нцпюмхвеммни нрберярбеммнярэч ""юкэтюреяр-рхубхм""",4715031396,1
c05eb931-234b-d129-e21e-b72f0271ce4b,31.07.2018,01.01.2018,"наыеярбн я нцпюмхвеммни нрберярбеммнярэч ярпнхрекэмн-лнмрюфмне сопюбкемхе ""яоежярпни-1""",7203418710,4
31ac394a-eeba-4da7-fc04-8247d999a170,31.07.2018,01.01.2018,"наыеярбн я нцпюмхвеммни нрберярбеммнярэч ""бюбхкнм""",7724409263,1
18ba066e-8d7b-1148-43a7-8ed67c652cb5,31.07.2018,01.01.2018,"наыеярбн я нцпюмхвеммни нрберярбеммнярэч ""ярпнхрекэмюъ йнлоюмхъ ""пхй-2""",1650348502,21
53a6877e-5002-934f-a466-a45708b465ef,31.07.2018,01.01.2018,"наыеярбн я нцпюмхвеммни нрберярбеммнярэч ""ярпниреущйяоепр""",4401180661,0
d30aaaaa-7d87-7373-fcd6-91ffb03e56bf,31.07.2018,01.01.2018,"наыеярбн я нцпюмхвеммни нрберярбеммнярэч ""опнлщмепцнярпнияепбхя""",6658501617,1
6e5ec1dc-09b4-94c7-87a1-761b579ff0bb,31.07.2018,01.01.2018,наыеярбн я нцпюмхвеммни нрберярбеммнярэч хммнбюжхнммше щйнкнцхвеяйхе реумнкнцхх,5406975342,0
88b32f91-7b02-36e7-1bc9-75815f5d3b43,31.07.2018,01.01.2018,"наыеярбн я нцпюмхвеммни нрберярбеммнярэч ""лнмнкхрнрдекярпни""",3128123918,2
76c60f07-96bd-0bbe-f6b0-ee6f24160be5,31.07.2018,01.01.2018,"наыеярбн я нцпюмхвеммни нрберярбеммнярэч ""юбюмцюпд""",5401974320,1
faf39505-92b0-fb86-5d21-11b68accd0c4,31.07.2018,01.01.2018,"наыеярбн я нцпюмхвеммни нрберярбеммнярэч ""йнлся""",5405000632,0
94843c2a-d1bd-670a-463e-ac2e65cf8c1b,31.07.2018,01.01.2018,"наыеярбн я нцпюмхвеммни нрберярбеммнярэч ""юоюпрбхккэ псяя""",5406975350,3
55c9d351-6b79-1b61-1cae-27d45a5396cb,31.07.2018,01.01.2018,"наыеярбн я нцпюмхвеммни нрберярбеммнярэч ""юпяемюк мяй""",5401974338,3
206014c0-137a-3584-d5c0-de85d97ae0d3,31.07.2018,01.01.2018,"наыеярбн я нцпюмхвеммни нрберярбеммнярэч ""чмхнм-демр""",1513065140,1
a9b0db0d-6e85-4615-b2a4-46f480aba8a2,31.07.2018,01.01.2018,"наыеярбн я нцпюмхвеммни нрберярбеммнярэч ""яюйюпр""",7203418727,1
a157f050-da02-65cd-2911-969199e7adf9,31.07.2018,01.01.2018,"наыеярбн я нцпюмхвеммни нрберярбеммнярэч ""бхярю""",7203418734,0
519bd235-0d52-c0c6-a405-35eb5132207b,31.07.2018,01.01.2018,"наыеярбн я нцпюмхвеммни нрберярбеммнярэч ""цкнпхъ о""",5256163613,1
5ce514c4-f3ff-0dd4-f33d-dff74f34b766,31.07.2018,01.01.2018,"наыеярбн я нцпюмхвеммни нрберярбеммнярэч ""юяцюпд л""",7816640336,0
f5ad8497-bd48-81a2-5f25-ea41a91fa93f,31.07.2018,01.01.2018,"наыеярбн я нцпюмхвеммни нрберярбеммнярэч ""реппхрнпхъ онрнкйнб""",6316234334,0
f3e3a866-86a6-6dbf-8d76-a5460ad4ad91,31.07.2018,01.01.2018,"наыеярбн я нцпюмхвеммни нрберярбеммнярэч ""бмедпемвеяйхи жемрп 1я-пюпся бнпнмеф""",3662248591,13
01f8ee52-008d-11a3-b015-2b7c2563802b,31.07.2018,01.01.2018,"наыеярбн я нцпюмхвеммни нрберярбеммнярэч ""цюглнмрюфяепбхя""",4401180679,4
6cb2b5e5-29a3-f59e-6be4-a27c66d480bc,31.07.2018,01.01.2018,"наыеярбн я нцпюмхвеммни нрберярбеммнярэч ""йюпюр""",7604325100,1
846cf17c-72e5-1f87-933c-906cd214ae2a,31.07.2018,01.01.2018,"наыеярбн я нцпюмхвеммни нрберярбеммнярэч ""щкейрпнммше яепбхяш""",2372020360,1
ac0aecac-b163-aff7-8e9b-b83ec5499321,31.07.2018,01.01.2018,"наыеярбн я нцпюмхвеммни нрберярбеммнярэч ""хпхмю""",2301094359,2
24c74fce-0353-75e2-2cc4-908596c5d20b,31.07.2018,01.01.2018,"наыеярбн я нцпюмхвеммни нрберярбеммнярэч ""ндхм""",7805704891,1
7fd88c70-cab7-6b06-8a97-b6e42b1db301,31.07.2018,01.01.2018,"наыеярбн я нцпюмхвеммни нрберярбеммнярэч "" яха-усл""",2320248452,0
ddc902b9-5296-672f-2fc3-56fee33e7674,31.07.2018,01.01.2018,"юйжхнмепмне наыеярбн ""бейрнп""",2370007068,1
bbb20845-1397-47d7-70af-f5a309fdac86,31.07.2018,01.01.2018,"наыеярбн я нцпюмхвеммни нрберярбеммнярэч ""цхдпнятепю""",2319063351,3
170d66d9-ec78-d40b-4597-89a6c77dd316,31.07.2018,01.01.2018,"наыеярбн я нцпюмхвеммни нрберярбеммнярэч ""янвхмяйюъ рнокхбмюъ йнлоюмхъ""",2319063369,1
2ed71de6-a591-c90a-871a-7b1415b7c2e5,31.07.2018,01.01.2018,"наыеярбн я нцпюмхвеммни нрберярбеммнярэч ""чфмше бшярюбйх""",2310200412,3
28f99722-41c7-b38f-06b7-ba7396c80814,31.07.2018,01.01.2018,"наыеярбн я нцпюмхвеммни нрберярбеммнярэч ""лнпяйни апхг""",2352054114,1
8f51c9d2-cac0-3f76-3e84-fcb13da06002,31.07.2018,01.01.2018,"наыеярбн я нцпюмхвеммни нрберярбеммнярэч ""ярпнийнлокейр-к""",2308244927,1
1d17a04e-9d5c-1379-dd07-295252100c20,31.07.2018,01.01.2018,"наыеярбн я нцпюмхвеммни нрберярбеммнярэч ""мнбняхахпяйцхопнднпмхх""",5405000657,62
48e1f16b-561b-eee9-ea9c-d491088dba96,31.07.2018,01.01.2018,"наыеярбн я нцпюмхвеммни нрберярбеммнярэч ""юцпнкхмй""",2311236274,1
43027edc-cc7a-ca7a-39ac-b96f3ff4c7a6,31.07.2018,01.01.2018,"наыеярбн я нцпюмхвеммни нрберярбеммнярэч ""юцпн йпхярюкк""",2311236267,1
9db2b270-671a-8afd-915c-9889d4378132,31.07.2018,01.01.2018,"наыеярбн я нцпюмхвеммни нрберярбеммнярэч ""йнлтнпр яхрх""",2301094373,9
6dd75179-423b-39b8-6adf-12ede8a42ae7,31.07.2018,01.01.2018,"наыеярбн я нцпюмхвеммни нрберярбеммнярэч ""ндхяяеи""",2311236281,1
79111abf-2c14-d5fd-5c88-10de7fc2fb38,31.07.2018,01.01.2018,"наыеярбн я нцпюмхвеммни нрберярбеммнярэч ""юбрнлюрхгюжхъ яхярел реярхпнбюмхъ""",7413024253,3
4a75710d-f6bf-6b4e-d279-c4a61f841679,31.07.2018,01.01.2018,"наыеярбн я нцпюмхвеммни нрберярбеммнярэч ""бшлоек""",2309155162,0
6854381c-f0af-9c80-3a21-787a1bbb0402,31.07.2018,01.01.2018,"наыеярбн я нцпюмхвеммни нрберярбеммнярэч ""йту аемнйнбн""",2374003258,1
27263313-164c-24ef-b03f-391979daa8e8,31.07.2018,01.01.2018,"наыеярбн я нцпюмхвеммни нрберярбеммнярэч ""рнпцнбши днл""",2372020378,1
995be901-ca68-0af6-6a13-4074df8eb9a8,31.07.2018,01.01.2018,"наыеярбн я нцпюмхвеммни нрберярбеммнярэч ""яхахпяйюъ опнлшькеммюъ щкейрпнреумхвеяйюъ кюанпюрнпхъ хлемх мхйнкш реякш""",5501182294,1
892fe503-845d-0eb4-6155-8ceef5a7e87d,31.07.2018,01.01.2018,"наыеярбн я нцпюмхвеммни нрберярбеммнярэч ""оюпхрер""",2308244934,1
fc236f5f-0c21-24ac-d2a2-2ccf5a682693,31.07.2018,01.01.2018,"наыеярбн я нцпюмхвеммни нрберярбеммнярэч ""чюя""",2312260551,1
59d11d40-d4c3-cc2f-855f-3f5661243d3b,31.07.2018,01.01.2018,"наыеярбн я нцпюмхвеммни нрберярбеммнярэч ""вюийю""",2312260576,1
83c3d626-e461-65bd-3f82-41a4b453c17f,31.07.2018,01.01.2018,"наыеярбн я нцпюмхвеммни нрберярбеммнярэч ""пюрю""",2310200420,1
2a9cd14a-8982-dd1b-628e-494f0911de72,31.07.2018,01.01.2018,"наыеярбн я нцпюмхвеммни нрберярбеммнярэч рнпцнбши днл ""ярюмдюпр""",2310200437,1
245ff9a1-a75b-af0b-fc46-3ab288c3216d,31.07.2018,01.01.2018,"наыеярбн я нцпюмхвеммни нрберярбеммнярэч ""дфекюрх""",2310200451,7
6dadde4e-6e42-1c37-aea0-1f89dbbcb652,31.07.2018,01.01.2018,"наыеярбн я нцпюмхвеммни нрберярбеммнярэч ""янжхюкэмюъ юорейю ""кюйх тюплю""",2310200444,9
81715072-4480-26cc-295d-50b4f47e27db,31.07.2018,01.01.2018,"наыеярбн я нцпюмхвеммни нрберярбеммнярэч ""реущкейрпнюбрнлюр""",2309155170,1
ad6e7fda-dc6b-0191-71fc-fb9ac7b6513b,31.07.2018,01.01.2018,"наыеярбн я нцпюмхвеммни нрберярбеммнярэч ""ярпни-яепбхя""",2311236299,1
62bb537a-34c5-b688-40e0-d734cf91cfcb,31.07.2018,01.01.2018,"наыеярбн я нцпюмхвеммни нрберярбеммнярэч ""юю-ярпнияепбхя""",2315994938,1
c38a9ee1-5203-5355-38bb-1f93ff1b906d,31.07.2018,01.01.2018,"наыеярбн я нцпюмхвеммни нрберярбеммнярэч ""рхуне гхлнбэе""",7413024260,1
78b41f1a-fde5-3153-3c51-05bae73ed438,31.07.2018,01.01.2018,"наыеярбн я нцпюмхвеммни нрберярбеммнярэч ""щмхяй""",7460035252,1
e17d8ea6-cb70-ef9a-7f2a-1937201852f9,31.07.2018,01.01.2018,"наыеярбн я нцпюмхвеммни нрберярбеммнярэч ""бхръгэ""",6950206547,4
779d8f17-57d2-bdd1-5d6f-bf19fb62c969,31.07.2018,01.01.2018,"наыеярбн я нцпюмхвеммни нрберярбеммнярэч ""юцемрярбн онврнбни ябъгх""",7702417091,1
9a37c40c-5d7e-f0eb-f7f8-64843cff21f6,31.07.2018,01.01.2018,"наыеярбн я нцпюмхвеммни нрберярбеммнярэч ""яюрспм""",9718062779,1
2e32075e-6e51-df4b-02ce-836e9f0a6bfa,31.07.2018,01.01.2018,"наыеярбн я нцпюмхвеммни нрберярбеммнярэч ""цсй гюбнкфяйнцн пюинмю""",7328093665,5
87d624a8-741b-8804-27e4-d674762b2167,31.07.2018,01.01.2018,"наыеярбн я нцпюмхвеммни нрберярбеммнярэч ""цпя тхмюмя""",9717059847,1
3eb5bdac-36a8-b526-c9d9-e8ef6d241356,31.07.2018,01.01.2018,"наыеярбн я нцпюмхвеммни нрберярбеммнярэч ""юйсбхрюм""",9718062786,1
963047b2-4df7-1d20-87f8-69443c277a35,31.07.2018,01.01.2018,"наыеярбн я нцпюмхвеммни нрберярбеммнярэч ""охкнр""",4712027698,1
e059b6a8-96f8-625c-a821-dd52f489efda,31.07.2018,01.01.2018,"наыеярбн я нцпюмхвеммни нрберярбеммнярэч ""ярпни-рнпц""",7328093672,0
0f5a9c5f-69fb-22d8-cd32-dabe4b08cafa,31.07.2018,01.01.2018,"наыеярбн я нцпюмхвеммни нрберярбеммнярэч ""яхлйнлонмемр""",7328093680,4
ff8a11e2-d034-d63d-f0e2-7ae37e363ab6,31.07.2018,01.01.2018,"наыеярбн я нцпюмхвеммни нрберярбеммнярэч ""хкэбхрярпни""",7325154126,0
a2dc1091-6e44-741e-a5c4-e007c30d0f35,31.07.2018,01.01.2018,"наыеярбн я нцпюмхвеммни нрберярбеммнярэч ""хмфемепмн-дхюцмнярхвеяйхи жемрп ""йпюм яепбхя""",7329024569,0
09ce1ce2-0dfd-7cab-c897-e6a6cea1e109,31.07.2018,01.01.2018,"наыеярбн я нцпюмхвеммни нрберярбеммнярэч ""ащй цпюсмд""",7453309311,4
96418b22-6a43-4918-726e-f49c70e47b4f,31.07.2018,01.01.2018,"наыеярбн я нцпюмхвеммни нрберярбеммнярэч ""спюкяоежопхжео""",7460035260,1
9a8afd4d-e8e1-2607-a131-9153d060d568,31.07.2018,01.01.2018,"наыеярбн я нцпюмхвеммни нрберярбеммнярэч ""юбрнремрлюпйер""",6678082308,1
193e41b4-0468-ab35-add1-cf82622b49ad,31.07.2018,01.01.2018,"наыеярбн я нцпюмхвеммни нрберярбеммнярэч ""аюьйнмрпнкэяепбхя""",0269997977,0
5c3f74dd-f33b-e635-988c-f14032a12cdd,31.07.2018,01.01.2018,"наыеярбн я нцпюмхвеммни нрберярбеммнярэч ""бейрнп я""",3601011669,6
8be7d990-a72c-c42d-e3bd-04858221f905,31.07.2018,01.01.2018,"наыеярбн я нцпюмхвеммни нрберярбеммнярэч пелнмрмн-ярпнхрекэмюъ йнлоюмхъ ""люяреп опн""",9721047971,1
a8b8cdad-5c7c-1530-0e82-ce0dfdae2c40,31.07.2018,01.01.2018,"наыеярбн я нцпюмхвеммни нрберярбеммнярэч ""йюмюкяоежяепбхя""",6450097875,2
7b93873f-a0c9-c9ed-b732-3891198a8839,31.07.2018,01.01.2018,"наыеярбн я нцпюмхвеммни нрберярбеммнярэч ""ебпноюжемрп""",7455029623,6
980fd2bd-73e6-bff5-47f5-eb18ed4ec09d,31.07.2018,01.01.2018,"наыеярбн я нцпюмхвеммни нрберярбеммнярэч ""яхрщйн""",6311172229,1
8d6afd33-5540-ff7e-f893-e409d02e0e46,31.07.2018,01.01.2018,"наыеярбн я нцпюмхвеммни нрберярбеммнярэч ""кхрк ябхяя""",6319217954,1
0d9e939a-fd94-fda9-a7ef-6c595202ca01,31.07.2018,01.01.2018,"наыеярбн я нцпюмхвеммни нрберярбеммнярэч ""к-хмй""",6316234341,2
bd0c0bb1-eb46-3f94-096d-2e11caa9e133,31.07.2018,01.01.2018,"наыеярбн я нцпюмхвеммни нрберярбеммнярэч ""опнярнп""",3525401150,0
b96deafb-daa7-d217-9f24-7dbb3930d1eb,31.07.2018,01.01.2018,"наыеярбн я нцпюмхвеммни нрберярбеммнярэч ""онбнкфяйхи гепмнопндсйр""",6376027283,4
85e6d433-bc5c-4e97-cd86-0f9cd23259a0,31.07.2018,01.01.2018,"наыеярбн я нцпюмхвеммни нрберярбеммнярэч ""унсл-пюм""",6319217961,0
2bfeaccb-69a8-b08b-e0ad-f8f906ffd791,31.07.2018,01.01.2018,"наыеярбн я нцпюмхвеммни нрберярбеммнярэч кнлаюпд ""пюгбхрхе""",6330076915,1
d409a2cf-4370-b66a-5eac-42ea3a1d08c8,31.07.2018,01.01.2018,"наыеярбн я нцпюмхвеммни нрберярбеммнярэч ""юйюделхъ ярюмдюпр""",6315017312,0
f1bdcab5-f588-14a7-253f-3d37bfde2483,31.07.2018,01.01.2018,"наыеярбн я нцпюмхвеммни нрберярбеммнярэч ""реуопнлхмбеяр""",6318025745,1
34cd7aa3-3c4f-6d14-dde1-f30bc472cd7e,31.07.2018,01.01.2018,"наыеярбн я нцпюмхвеммни нрберярбеммнярэч ""гюбнд цпсгнондзелмнцн нанпсднбюмхъ""",6313553170,1
dcea2c78-b873-7482-810c-2e4bc4ab4211,31.07.2018,01.01.2018,"наыеярбн я нцпюмхвеммни нрберярбеммнярэч ""юбрнярпниямюа""",6318025752,1
da054c50-fecf-1b95-4f25-a6f75f46f53f,31.07.2018,01.01.2018,"наыеярбн я нцпюмхвеммни нрберярбеммнярэч ""реокнбни""",2365026763,1
9c6d33f6-37ed-1843-0c84-19988371e50e,31.07.2018,01.01.2018,"наыеярбн я нцпюмхвеммни нрберярбеммнярэч ""апхюпеи""",3661078611,1
4c8003eb-8af5-253a-3fea-b0f7f063370f,31.07.2018,01.01.2018,"наыеярбн я нцпюмхвеммни нрберярбеммнярэч ""опеопеяя жемрп""",6382075084,1
7490ad68-783a-18b1-87b9-435685dc0b63,31.07.2018,01.01.2018,"наыеярбн я нцпюмхвеммни нрберярбеммнярэч ""щкрнпц""",6321430479,1
7c43484b-f30a-52fe-5dc6-45c518cb829a,31.07.2018,01.01.2018,"наыеярбн я нцпюмхвеммни нрберярбеммнярэч ""люярепюпухрейр""",7327083022,1
20986094-9be5-d75b-8a10-dd37debabb2b,31.07.2018,01.01.2018,"наыеярбн я нцпюмхвеммни нрберярбеммнярэч ""опндлюпйер""",6324081603,1
9e1f60f9-6f56-6e59-5bc2-521a1265d268,31.07.2018,01.01.2018,"наыеярбн я нцпюмхвеммни нрберярбеммнярэч ""ямюаапхцюд""",7329024576,1
7e2aa7a6-c196-5cc9-9c62-e1431390ff59,31.07.2018,01.01.2018,"наыеярбн я нцпюмхвеммни нрберярбеммнярэч ""юбрнйюп""",6321430486,1
cd2d820b-6ae5-3790-b409-d08f46868c8c,31.07.2018,01.01.2018,"наыеярбн я нцпюмхвеммни нрберярбеммнярэч ""юбюмрю""",6316234366,1
0788aa1e-cfd0-3c19-3b90-028ae8f92c84,31.07.2018,01.01.2018,"наыеярбн я нцпюмхвеммни нрберярбеммнярэч ""юкэъмя""",9701074590,3
57051da3-dcc3-43db-7915-073308bde082,31.07.2018,01.01.2018,"наыеярбн я нцпюмхвеммни нрберярбеммнярэч ""пейнмярпсйжхъ пюгбхрхъ""",7203418741,4
0e847f39-0b12-de54-997b-82e8d6e60ce2,31.07.2018,01.01.2018,"наыеярбн я нцпюмхвеммни нрберярбеммнярэч ""яюл""",7801332040,0
4d7be6c1-e882-5a5f-ab51-461895d6ff3d,31.07.2018,01.01.2018,"наыеярбн я нцпюмхвеммни нрберярбеммнярэч ""мхйнярпни""",7802620153,4
c798ecc0-b386-3989-442b-b1041b484bc2,31.07.2018,01.01.2018,"наыеярбн я нцпюмхвеммни нрберярбеммнярэч ""хлн""",7805704901,2
953c0495-451f-c381-98f4-836b49cafcb1,31.07.2018,01.01.2018,"наыеярбн я нцпюмхвеммни нрберярбеммнярэч ""ярюмдюпр-кк""",6319217979,1
37f0660f-0e11-7413-970c-6a2410bf781c,31.07.2018,01.01.2018,"наыеярбн я нцпюмхвеммни нрберярбеммнярэч ""ахкд-хм""",7802620160,1
b2e1881d-01a8-514e-41f1-a75baaf4d889,31.07.2018,01.01.2018,"наыеярбн я нцпюмхвеммни нрберярбеммнярэч ""лецюонкхя""",6450097882,3
57b22ded-00ed-7515-3b4d-a377e2b31991,31.07.2018,01.01.2018,"наыеярбн я нцпюмхвеммни нрберярбеммнярэч ""йнося""",7801332057,1
0d5ecc57-30a0-7ed8-2e25-8d53322678b1,31.07.2018,01.01.2018,"наыеярбн я нцпюмхвеммни нрберярбеммнярэч  ""цпсоою йнлоюмхи пюяябер""",6318025760,2
5ea76cc5-685e-7381-5109-acd962bf5997,31.07.2018,01.01.2018,"наыеярбн я нцпюмхвеммни нрберярбеммнярэч ""щкем""",7802620178,1
e69d3937-01e3-8d1f-588e-fbbfb0327b41,31.07.2018,01.01.2018,"наыеярбн я нцпюмхвеммни нрберярбеммнярэч ""гекемюъ скхжю""",7704411095,1
b92f0e03-2239-cfbc-e8c4-cdc8e29541c1,31.07.2018,01.01.2018,"наыеярбн я нцпюмхвеммни нрберярбеммнярэч ""рно-оюй""",7802620185,0
ec466009-2e2b-89eb-75d1-a57f2ded9753,31.07.2018,01.01.2018,"наыеярбн я нцпюмхвеммни нрберярбеммнярэч ""рпюмяункдхмц""",6316234373,1
cc0f80a3-7d47-e9f3-394a-ff140479fc2d,31.07.2018,01.01.2018,"наыеярбн я нцпюмхвеммни нрберярбеммнярэч ""телхдю""",7804597703,0
41139ebf-d489-6441-e15c-876c05087558,31.07.2018,01.01.2018,"наыеярбн я нцпюмхвеммни нрберярбеммнярэч рпюмяонпрмюъ йнлоюмхъ ""онбнкфэе""",6324081610,1
c9c40bf0-3332-5f99-698f-258c1822ffc7,31.07.2018,01.01.2018,"наыеярбн я нцпюмхвеммни нрберярбеммнярэч ""йпеюрнп ярсдхъ""",7804597686,1
2cba1573-0404-05ca-0330-598a81bacd6e,31.07.2018,01.01.2018,"наыеярбн я нцпюмхвеммни нрберярбеммнярэч ""рнпцнбши днл ""юбрн йнлокейр""",7804597693,1
46017478-b649-71fb-ba01-59103dbd08fe,31.07.2018,01.01.2018,"наыеярбн я нцпюмхвеммни нрберярбеммнярэч ""щйнярпнилнмрюф""",6321430493,1
263c0aa3-66c5-df15-7ab2-37e74cbbbd58,31.07.2018,01.01.2018,"наыеярбн я нцпюмхвеммни нрберярбеммнярэч ""аюкраспопнл""",7804597710,1
265390a6-3155-24b9-cdf1-12964c698f91,31.07.2018,01.01.2018,"наыеярбн я нцпюмхвеммни нрберярбеммнярэч ""тнплскю яюирю""",7805704919,1
16f43718-47f8-2302-f4c4-0757361e5c6a,31.07.2018,01.01.2018,"наыеярбн я нцпюмхвеммни нрберярбеммнярэч ""ярпницед""",7805704926,1
837a1840-0221-186a-2d9f-079c041b48ec,31.07.2018,01.01.2018,"наыеярбн я нцпюмхвеммни нрберярбеммнярэч ""цхцюмр""",7805704933,1
7bb3ef62-ff83-938f-32eb-5c7c543e0137,31.07.2018,01.01.2018,"наыеярбн я нцпюмхвеммни нрберярбеммнярэч ""лнмнкхр""",4632230006,1
a1f653e9-3cab-ff8e-3efe-1a3871bcf2fa,31.07.2018,01.01.2018,"наыеярбн я нцпюмхвеммни нрберярбеммнярэч ""осьй хмм""",7805704940,0
2a9fa865-f838-15ed-754e-2e4ae2e4de1c,31.07.2018,01.01.2018,"наыеярбн я нцпюмхвеммни нрберярбеммнярэч ""кхмнрхо""",9717059854,1
83171c88-de79-b806-e76b-dd2aa61304de,31.07.2018,01.01.2018,"наыеярбн я нцпюмхвеммни нрберярбеммнярэч ""цкнаюк цпхм йнмярпюйьм""",7840066137,1
91426fb4-54e6-7476-c167-7b5d76f0efcf,31.07.2018,01.01.2018,"наыеярбн я нцпюмхвеммни нрберярбеммнярэч ""веппх-днл""",3525401167,0
1288dbef-72d9-76f4-b56c-d21e31d9925b,31.07.2018,01.01.2018,"наыеярбн я нцпюмхвеммни нрберярбеммнярэч ""мюжхнмюкэмши жемрп щкейрпнммнцн напюгнбюмхъ""",9709000310,3
3d10a7ed-c056-3c42-84e2-6afd5f6757ad,31.07.2018,01.01.2018,"наыеярбн я нцпюмхвеммни нрберярбеммнярэч ""яхпхся""",9729080716,1
edfaa729-872e-6aec-7515-868a5812edd6,31.07.2018,01.01.2018,"наыеярбн я нцпюмхвеммни нрберярбеммнярэч ""опнхгбндярбеммюъ йнллепвеяйюъ тхплю нцнм╗й""",7224077370,1
1d74da9a-8145-d8be-48d1-9371f74ce03d,31.07.2018,01.01.2018,"наыеярбн я нцпюмхвеммни нрберярбеммнярэч ""юпетхмн хмярпслемр""",5208005864,60
aa01d4df-1527-d9ee-cc4b-5057f419b129,31.07.2018,01.01.2018,"наыеярбн я нцпюмхвеммни нрберярбеммнярэч ""опнлнор""",7203418759,3
cec9753d-1c6b-033b-7441-811fb33d6903,31.07.2018,01.01.2018,"наыеярбн я нцпюмхвеммни нрберярбеммнярэч ""тнйся""",5256163620,1
88734571-7367-3faf-560b-e4b68016d3ad,31.07.2018,01.01.2018,"наыеярбн я нцпюмхвеммни нрберярбеммнярэч ""ядб лнрнпя""",5258136855,7
726b5599-3635-ae5f-d876-8782fab2ac4d,31.07.2018,01.01.2018,"наыеярбн я нцпюмхвеммни нрберярбеммнярэч ""мнбше онпрюкш""",6686094755,1
99452bad-8211-baca-0c1f-b98003d5dd35,31.07.2018,01.01.2018,"наыеярбн я нцпюмхвеммни нрберярбеммнярэч ""пецхнмюкэмши хр-жемрп""",5262348612,1
07379f8c-2e3f-92ea-340f-b6344b986216,31.07.2018,01.01.2018,"наыеярбн я нцпюмхвеммни нрберярбеммнярэч ""дхрюя мм""",5257172843,2
eec4e678-4537-3055-323f-f7e13bb982ce,31.07.2018,01.01.2018,"наыеярбн я нцпюмхвеммни нрберярбеммнярэч ""реумнпецхнмярпни""",7451422463,2
03b5008f-ab8f-941f-a562-171c3111b062,31.07.2018,01.01.2018,"наыеярбн я нцпюмхвеммни нрберярбеммнярэч ""кхцюрпюмяюбрн""",6686094762,1
f4af65b9-d9b5-0e43-8f98-94da29014f84,31.07.2018,01.01.2018,"наыеярбн я нцпюмхвеммни нрберярбеммнярэч ""юлй ярюмдюпр""",7455029630,9
60074eb6-89b9-4ca5-84af-6cdbae06f8fe,31.07.2018,01.01.2018,"наыеярбн я нцпюмхвеммни нрберярбеммнярэч ""йюпкюим""",5259130535,2
87be5a83-8508-b390-3920-195cd404e9c1,31.07.2018,01.01.2018,"наыеярбн я нцпюмхвеммни нрберярбеммнярэч ""кеяащярпеяспя""",5228057853,0
2967f5ce-07b1-4d4c-8ebc-fcc4a91fd6e1,31.07.2018,01.01.2018,"наыеярбн я нцпюмхвеммни нрберярбеммнярэч ""опнлмепсд""",7609037793,4
159d280c-03b8-7da0-24c2-dbb64e2c1acc,31.07.2018,01.01.2018,"наыеярбн я нцпюмхвеммни нрберярбеммнярэч ""уюпдйнл""",7708316928,1
2abc3801-6790-1e99-772f-1bdad335badd,31.07.2018,01.01.2018,"наыеярбн я нцпюмхвеммни нрберярбеммнярэч рпюмяонпрмн-цпсгнбни йнлокейя ""кемрю""",7447272568,1
208c3ce2-9b04-6510-ba8f-a089e35e8a72,31.07.2018,01.01.2018,"наыеярбн я нцпюмхвеммни нрберярбеммнярэч ""йнкхапх""",7205029878,1
9142b838-12c6-1e77-9fff-3a3b7aebc1fe,31.07.2018,01.01.2018,"наыеярбн я нцпюмхвеммни нрберярбеммнярэч ""рнпцнбн-ярпнхрекэмюъ йнлоюмхъ ""гек╗мши лхп""",7447272575,1
8c427f78-7a0b-a7b6-8476-8d0d0a980c0b,31.07.2018,01.01.2018,"наыеярбн я нцпюмхвеммни нрберярбеммнярэч ""бецю""",3525401174,0
2cbb3e44-00a5-91e7-dddb-1003f538d177,31.07.2018,01.01.2018,"наыеярбн я нцпюмхвеммни нрберярбеммнярэч ""йпнб - яепбхя""",6449086580,4
f82fbc16-4031-ea04-cff3-ad3dd530f162,31.07.2018,01.01.2018,"наыеярбн я нцпюмхвеммни нрберярбеммнярэч ""нмхйя""",3444264385,1
11a73d60-2a32-dbcb-2272-a6c9d07351bc,31.07.2018,01.01.2018,"наыеярбн я нцпюмхвеммни нрберярбеммнярэч ""юкэтю""",3444264392,5
1a428ea6-4744-96df-a8ba-60dd778fae47,31.07.2018,01.01.2018,"наыеярбн я нцпюмхвеммни нрберярбеммнярэч ""норнбюъ рнпцнбюъ йнлоюмхъ ярпнипеяспя 2000""",6670453889,0
741e183c-a5be-7810-816e-76f3ac45a93b,31.07.2018,01.01.2018,"наыеярбн я нцпюмхвеммни нрберярбеммнярэч ""тнпрсмю""",7449133810,1
a50dc40e-e90f-d540-39f2-44725923e60d,31.07.2018,01.01.2018,"наыеярбн я нцпюмхвеммни нрберярбеммнярэч ""ялнкхгнк""",6732144869,1
68488e2e-af8a-840a-7eb3-1841bd7cbae8,31.07.2018,01.01.2018,"наыеярбн я нцпюмхвеммни нрберярбеммнярэч ""нйбсдцпсоо""",6732144851,1
10093514-3860-91b6-d032-486607e515ff,31.07.2018,01.01.2018,"наыеярбн я нцпюмхвеммни нрберярбеммнярэч ""рхрюм""",6722031658,27
16d13874-ece0-b2a4-a47e-7e12698e77a6,31.07.2018,01.01.2018,"наыеярбн я нцпюмхвеммни нрберярбеммнярэч ""юоепхрхб бйсяю""",6453151538,16
339c9499-55dd-7609-ff5b-bc3ec80af9b3,31.07.2018,01.01.2018,"наыеярбн я нцпюмхвеммни нрберярбеммнярэч ""юбпнпю""",7106078521,1
1547e947-943c-63f2-0be0-12278595b23d,31.07.2018,01.01.2018,"наыеярбн я нцпюмхвеммни нрберярбеммнярэч ""фхпютрнпц""",7451422470,1
47135956-a3f7-c28a-aba1-956df8dbf579,31.07.2018,01.01.2018,"наыеярбн я нцпюмхвеммни нрберярбеммнярэч ""юйяекэ""",7111021714,1
5a92ef42-6bca-4ccc-b244-8ff0bdb213b5,31.07.2018,01.01.2018,"наыеярбн я нцпюмхвеммни нрберярбеммнярэч ""брл""",5903132261,1
e833f9bd-6827-95f6-3cd8-cf6e31fb42c5,31.07.2018,01.01.2018,"наыеярбн я нцпюмхвеммни нрберярбеммнярэч ""рчлемяйхе ярюмйнярпнхрекх""",7203418766,66
59393f82-8a13-df93-5052-e5e84f1fce5a,31.07.2018,01.01.2018,"наыеярбн я нцпюмхвеммни нрберярбеммнярэч ""цкюбрнпц""",6679107481,0
402557f2-8c66-c73c-5bd4-5f7d4b82096c,31.07.2018,01.01.2018,"наыеярбн я нцпюмхвеммни нрберярбеммнярэч ""спюкэяйюъ оекэлеммюъ йнлоюмхъ""",6679107499,0
ecf9fd69-d1cd-b3b9-dfd8-6cfa21b1635f,31.07.2018,01.01.2018,"наыеярбн я нцпюмхвеммни нрберярбеммнярэч ""опхмр ледхю""",6679107509,1
f611c630-d170-cb21-8d94-4782f9e1e9fa,31.07.2018,01.01.2018,"наыеярбн я нцпюмхвеммни нрберярбеммнярэч ""юбрнонкйю71""",7103050905,1
8cc6ec23-e41b-3a2a-d59d-43d673749442,31.07.2018,01.01.2018,"наыеярбн я нцпюмхвеммни нрберярбеммнярэч ""цпщирпюмя""",6679107516,2
45470f20-bf83-7e28-aa85-387cd6a2b34c,31.07.2018,01.01.2018,"наыеярбн я нцпюмхвеммни нрберярбеммнярэч ""юпцн""",5903132279,0
dd02cd99-6910-01ed-97c7-5421269cb457,31.07.2018,01.01.2018,"наыеярбн я нцпюмхвеммни нрберярбеммнярэч ""охбцпюд""",6679107523,0
698fcfa8-be72-b835-fed6-3d961c060eb3,31.07.2018,01.01.2018,"наыеярбн я нцпюмхвеммни нрберярбеммнярэч ""людюебяйне""",5227001745,6
e1f73226-4aad-6654-aa91-6e6525fdd669,31.07.2018,01.01.2018,"наыеярбн я нцпюмхвеммни нрберярбеммнярэч ""спюкхлоепхъ""",5903132286,0
87ab1ce7-fb29-d1fc-596d-f856bce92c77,31.07.2018,01.01.2018,"наыеярбн я нцпюмхвеммни нрберярбеммнярэч ""юкэъмя""",7203418773,1
b3a4fa2c-5d29-492b-894b-11bad83f059d,31.07.2018,01.01.2018,"наыеярбн я нцпюмхвеммни нрберярбеммнярэч ""делня""",4632230020,1
66d0b9aa-4a9b-cac2-4db2-ddead805bd32,31.07.2018,01.01.2018,"наыеярбн я нцпюмхвеммни нрберярбеммнярэч ""опн-ахгмея""",6452127910,1
3889945b-cf12-a99c-f07d-054c5e3b4b14,31.07.2018,01.01.2018,"наыеярбн я нцпюмхвеммни нрберярбеммнярэч ""вюярмюъ нупюммюъ нпцюмхгюжхъ ""аепяепй""",6229085929,0
300c6963-147f-8b6c-1b68-dc7b97d48859,31.07.2018,01.01.2018,"наыеярбн я нцпюмхвеммни нрберярбеммнярэч ""юой 96""",6679107530,1
d4862538-3ce3-b350-002c-a9a6fdc5da96,31.07.2018,01.01.2018,"наыеярбн я нцпюмхвеммни нрберярбеммнярэч ""рскнм""",7704411112,0
a5113730-ab98-1b2b-a902-446a54f0f09c,31.07.2018,01.01.2018,"наыеярбн я нцпюмхвеммни нрберярбеммнярэч ""юбрнкюим""",7743208114,1
6546d2e4-e5d1-8028-ee81-ba5f6a8aee68,31.07.2018,01.01.2018,"наыеярбн я нцпюмхвеммни нрберярбеммнярэч ""йпнмьреим яепбхя""",7716857092,1
ce0a6869-b3fe-cb37-ea7b-15994d5ef23f,31.07.2018,01.01.2018,"наыеярбн я нцпюмхвеммни нрберярбеммнярэч ""хлоепхъ яоа""",7840066144,1
9c9b41ac-a5ea-ecaa-029f-9ce027aa5185,31.07.2018,01.01.2018,"наыеярбн я нцпюмхвеммни нрберярбеммнярэч ""яхярелю бейрнп""",6679107548,1
fbcace51-90c1-17a6-189c-d010abd834d9,31.07.2018,01.01.2018,"наыеярбн я нцпюмхвеммни нрберярбеммнярэч ""яй люцмюр""",7707384266,1
ee29c983-ad31-b23f-1201-b0e6855a93ee,31.07.2018,01.01.2018,"наыеярбн я нцпюмхвеммни нрберярбеммнярэч ""скэрпюярпни""",7724409270,1
280470f7-cd14-9c93-9b79-fbb6089bf571,31.07.2018,01.01.2018,"наыеярбн я нцпюмхвеммни нрберярбеммнярэч ""смрнп""",7704411120,1
0a7cf80d-353c-cb24-a9e0-f97f6909e80e,31.07.2018,01.01.2018,"наыеярбн я нцпюмхвеммни нрберярбеммнярэч вюярмюъ нупюммюъ нпцюмхгюжхъ ""гюякнм""",5249156291,1
ad8fc46f-74a3-cb86-2d36-cef540f2cdff,31.07.2018,01.01.2018,"наыеярбн я нцпюмхвеммни нрберярбеммнярэч ""щмепцнярпни""",5262348620,1
5d8bc951-43d9-af49-d46e-e56572149fc3,31.07.2018,01.01.2018,"наыеярбн я нцпюмхвеммни нрберярбеммнярэч ""декэрю-унсл""",5260442391,0
3210f0ad-25b1-ee92-56ae-60e51f0d2550,31.07.2018,01.01.2018,"наыеярбн я нцпюмхвеммни нрберярбеммнярэч ""пелярпни""",5245028820,0
80354d24-8078-ead3-f838-493356b499af,31.07.2018,01.01.2018,"наыеярбн я нцпюмхвеммни нрберярбеммнярэч ""тсд оюпрмепя""",7702417101,1
688a279d-74ba-b6db-05cf-02d88f8251b1,31.07.2018,01.01.2018,"наыеярбн я нцпюмхвеммни нрберярбеммнярэч ""аекши кея ляй""",7731364990,1
e652e70f-7d57-661c-c47c-6508b9bb4ae2,31.07.2018,01.01.2018,"наыеярбн я нцпюмхвеммни нрберярбеммнярэч ""опнтднярюбйю""",5907034177,0
679dda4c-562f-b304-380b-1affeea8e7a6,31.07.2018,01.01.2018,"наыеярбн я нцпюмхвеммни нрберярбеммнярэч ""цс ярпни""",5261111233,7
8cf0b2dc-a9a9-66b1-2379-d558ed1958b7,31.07.2018,01.01.2018,"наыеярбн я нцпюмхвеммни нрберярбеммнярэч ""ащяркеп""",7725372425,1
d9b6129e-a203-55e7-3a74-49e02bade155,31.07.2018,01.01.2018,"наыеярбн я нцпюмхвеммни нрберярбеммнярэч ""онрпеащйяон""",5258136862,0
ecabcbdf-d9ee-79b5-ead4-89353a811959,31.07.2018,01.01.2018,"наыеярбн я нцпюмхвеммни нрберярбеммнярэч ""цпнбепя""",5262348644,2
e5dcf209-f50d-0dce-64ce-d1e6d7f61da8,31.07.2018,01.01.2018,"наыеярбн я нцпюмхвеммни нрберярбеммнярэч ""юонккнмм""",5257172850,1
552e0fa4-926f-dc88-7653-3e9ee32de33b,31.07.2018,01.01.2018,"наыеярбн я нцпюмхвеммни нрберярбеммнярэч ""бюкэймср""",5752076693,0
2d8b0617-9a90-2327-8ed7-b1a869b40b04,31.07.2018,01.01.2018,"наыеярбн я нцпюмхвеммни нрберярбеммнярэч ачпн медбхфхлнярх ""днапне""",6453151545,2
96a3d399-dcc6-aa2c-9d4b-e68f95c5839b,31.07.2018,01.01.2018,"наыеярбн я нцпюмхвеммни нрберярбеммнярэч ""онпебхр""",5259130542,1
f8ad61bc-cd08-b265-1172-1eaae04627a7,31.07.2018,01.01.2018,"наыеярбн я нцпюмхвеммни нрберярбеммнярэч ""цкналюй""",6316234380,0
1940ea07-63ef-5882-d9c8-dd465fe734bd,31.07.2018,01.01.2018,"наыеярбн я нцпюмхвеммни нрберярбеммнярэч ""днццепя-я""",6319217986,2
de42ebfa-a935-bdfc-32cc-77f62980a023,31.07.2018,01.01.2018,"наыеярбн я нцпюмхвеммни нрберярбеммнярэч ""юбюмцюпд рпюмя""",5829003757,1
df5778c8-4cc1-c572-6666-beff4cc31296,31.07.2018,01.01.2018,"наыеярбн я нцпюмхвеммни нрберярбеммнярэч ""яоейрнпярпни""",4632230038,1
916cde27-c808-e81c-e2f5-e64fa7df5151,31.07.2018,01.01.2018,"наыеярбн я нцпюмхвеммни нрберярбеммнярэч ""йнмяюкрхмц х юсдхр""",5024175489,6
fff15bdb-4703-3ddc-f458-b0384a7785d5,31.07.2018,01.01.2018,"наыеярбн я нцпюмхвеммни нрберярбеммнярэч ""йпюямнцнпяйюъ медбхфхлнярэ окчя""",5024175464,0
2b3c85fc-e045-25bc-8eac-fe231700c79d,31.07.2018,01.01.2018,"наыеярбн я нцпюмхвеммни нрберярбеммнярэч ""юпрюмя-унсл""",5024175471,1
084806bd-fe4a-a36b-6700-9852f641ec94,31.07.2018,01.01.2018,"наыеярбн я нцпюмхвеммни нрберярбеммнярэч ""тнпяюир""",5260442401,0
a3da3375-b9c2-535f-6fd9-3dbdb5a52473,31.07.2018,01.01.2018,"наыеярбн я нцпюмхвеммни нрберярбеммнярэч ""бюь рспюцемр""",7814690469,1
f97e8b22-2782-5364-3d60-e132e431f36a,31.07.2018,01.01.2018,"наыеярбн я нцпюмхвеммни нрберярбеммнярэч ""янбпелеммше яхярелш бнднямюафемхъ""",5075029951,1
9bfc3b76-6a03-0f89-70f2-4c266ae488de,31.07.2018,01.01.2018,"наыеярбн я нцпюмхвеммни нрберярбеммнярэч ""дхмюп""",2130187970,1
c8746a74-e63b-ef63-da64-1b608a3e14e5,31.07.2018,01.01.2018,"наыеярбн я нцпюмхвеммни нрберярбеммнярэч ""онкхцпют""",7602137164,1
7e92ad56-9256-4ab6-7ee6-da71427f0732,31.07.2018,01.01.2018,"наыеярбн я нцпюмхвеммни нрберярбеммнярэч ""лнмрюфяепбхяярпни""",3528272093,2
075b8124-f478-32a5-da46-9fd21304fa70,31.07.2018,01.01.2018,"наыеярбн я нцпюмхвеммни нрберярбеммнярэч ""хгмл""",1832144246,0
abd1aea0-beea-93b6-6961-6432214f3f6e,31.07.2018,01.01.2018,"наыеярбн я нцпюмхвеммни нрберярбеммнярэч ""ярюпр""",6319217993,0
87321f07-a462-a7eb-14fb-454759a33a2b,31.07.2018,01.01.2018,"наыеярбн я нцпюмхвеммни нрберярбеммнярэч ""йюръ йнкк жемрп""",6685132310,0
5ac32c47-59a0-4139-9328-4e0ccbe57427,31.07.2018,01.01.2018,"наыеярбн я нцпюмхвеммни нрберярбеммнярэч ""ррй щйнямюа""",7104075211,1
87847453-5733-057a-6278-e3446cbfbd9d,31.07.2018,01.01.2018,"наыеярбн я нцпюмхвеммни нрберярбеммнярэч ""оюпхрер""",7604325131,1
6901c91f-aa8a-94b3-26e1-564c5fd7dbf5,31.07.2018,01.01.2018,"наыеярбн я нцпюмхвеммни нрберярбеммнярэч ""хмреппсярнпц""",7604325124,1
43b31cfb-d3b8-3f68-b423-03adb74c1205,31.07.2018,01.01.2018,"наыеярбн я нцпюмхвеммни нрберярбеммнярэч ""щйнйнмяюкр""",7606113157,2
40321b54-36df-85a3-6094-b8a1a94809cc,31.07.2018,01.01.2018,"наыеярбн я нцпюмхвеммни нрберярбеммнярэч ""хплю""",6685132327,2
0a2dc295-69e8-895d-8461-efd1c4092ae2,31.07.2018,01.01.2018,"наыеярбн я нцпюмхвеммни нрберярбеммнярэч ""опхлюпй""",6315017337,1
4400061c-0ceb-042c-ad4d-ab5e83b286ec,31.07.2018,01.01.2018,"наыеярбн я нцпюмхвеммни нрберярбеммнярэч ""нл-медбхфхлнярэ""",7604325117,3
a22a3ecd-0118-5275-0323-91a3bf644ca5,31.07.2018,01.01.2018,"наыеярбн я нцпюмхвеммни нрберярбеммнярэч ""ледщйяонпр""",6316234408,1
61acfb48-f176-b04d-1a32-001a4526780a,31.07.2018,01.01.2018,"наыеярбн я нцпюмхвеммни нрберярбеммнярэч ""яй лхп йюлмъ""",6685132373,1
d824b495-f0b9-ce4f-f6d9-096160cc1184,31.07.2018,01.01.2018,"наыеярбн я нцпюмхвеммни нрберярбеммнярэч ""кнрня""",6685132398,1
be1328de-231e-1385-5edc-ffe4baa94fe6,31.07.2018,01.01.2018,"наыеярбн я нцпюмхвеммни нрберярбеммнярэч ""нпахрю""",6319218002,1
5454467d-22b1-43f1-561e-1a3bd1540f67,31.07.2018,01.01.2018,"наыеярбн я нцпюмхвеммни нрберярбеммнярэч ""онкхтнпл""",6685132380,1
04ba203c-5690-edee-6d14-b1b023d193fb,31.07.2018,01.01.2018,"наыеярбн я нцпюмхвеммни нрберярбеммнярэч ""кнцня""",5017113562,15
f536d113-2edc-1ac5-b9c5-c18fded7f3bb,31.07.2018,01.01.2018,"наыеярбн я нцпюмхвеммни нрберярбеммнярэч ""дебекнолемрхмбеяр""",6685132359,6
70df3185-533d-3496-49b4-5c177bac87ab,31.07.2018,01.01.2018,"наыеярбн я нцпюмхвеммни нрберярбеммнярэч ""рпеидхмцйнлоюмх""",3528272110,1
d6e30e24-25ea-57f2-f159-a23ef2df1ac4,31.07.2018,01.01.2018,"наыеярбн я нцпюмхвеммни нрберярбеммнярэч ""ю-ярпни""",6685132341,1
999a83d2-4dd4-04cf-92e9-d3726ca7d2d3,31.07.2018,01.01.2018,"наыеярбн я нцпюмхвеммни нрберярбеммнярэч ""рюмдел""",6685132334,1
4a5ef2a8-aa26-78ec-471d-26a29a7af7b5,31.07.2018,01.01.2018,"наыеярбн я нцпюмхвеммни нрберярбеммнярэч ""люяреп""",4632230045,1
3770dfab-de38-ccf4-4ee3-7b42425ac701,31.07.2018,01.01.2018,"наыеярбн я нцпюмхвеммни нрберярбеммнярэч ""юпр люяреп""",6452127927,23
856880af-02cb-1020-7d01-4534abda59dd,31.07.2018,01.01.2018,"наыеярбн я нцпюмхвеммни нрберярбеммнярэч ""псяхлоскэя""",5029221114,1
9d428fc7-44df-b319-0fde-a9dc262521cf,31.07.2018,01.01.2018,"наыеярбн я нцпюмхвеммни нрберярбеммнярэч ""опнлцхдпнярпни-мм""",5257172868,1
f510aec7-e577-53e7-d336-59e017c12e3d,31.07.2018,01.01.2018,"наыеярбн я нцпюмхвеммни нрберярбеммнярэч ""рщщло опнхгбндярбн""",5047198066,8
b1cc7804-0fa1-f126-ffb4-308ec58b9217,31.07.2018,01.01.2018,"наыеярбн я нцпюмхвеммни нрберярбеммнярэч ""гюанпбхр""",5029221121,2
e1ffa8d7-2c12-09b2-7b23-5b08a7980894,31.07.2018,01.01.2018,"наыеярбн я нцпюмхвеммни нрберярбеммнярэч ""хмдсярпхъ""",5262348651,1
0152b39f-b953-30fe-e9aa-279fde4c4c19,31.07.2018,01.01.2018,"наыеярбн я нцпюмхвеммни нрберярбеммнярэч ""ярпнихмбеяр""",7106078539,1
e9e95837-9710-e8d8-c675-ff2f9ce8545f,31.07.2018,01.01.2018,"наыеярбн я нцпюмхвеммни нрберярбеммнярэч ""уюм-ярпни""",5029221139,1
5442ee8c-858a-66c3-655c-33620fdc366e,31.07.2018,01.01.2018,"наыеярбн я нцпюмхвеммни нрберярбеммнярэч ""йкхмхмц ярюп""",7106078546,0
84d204b1-18a1-01bf-ab7f-8a92f1a1e170,31.07.2018,01.01.2018,"наыеярбн я нцпюмхвеммни нрберярбеммнярэч ""хлоепхъ""",7802620192,1
c3338612-93d9-c747-fbfa-d42ddbdbaf9f,31.07.2018,01.01.2018,"наыеярбн я нцпюмхвеммни нрберярбеммнярэч ""йпеюрхб""",7810683319,1
f3610c17-2a50-e29b-b5d4-4e7da282ca73,31.07.2018,01.01.2018,"наыеярбн я нцпюмхвеммни нрберярбеммнярэч ""пнрнп""",7813278238,3
dc701cb8-c31c-c734-3955-9d59e310438e,31.07.2018,01.01.2018,"наыеярбн я нцпюмхвеммни нрберярбеммнярэч ""ярпнипеяспя""",7805704965,0
0380d65f-f619-417a-51b0-43bac038646f,31.07.2018,01.01.2018,"наыеярбн я нцпюмхвеммни нрберярбеммнярэч ""яхпхся""",7814690476,0
8deb29c1-3c04-df4d-2ad8-5f61ad3d0305,31.07.2018,01.01.2018,"наыеярбн я нцпюмхвеммни нрберярбеммнярэч ""слюлх""",7841059125,0
7fbe4c79-a92d-983d-1903-144ca998079d,31.07.2018,01.01.2018,"наыеярбн я нцпюмхвеммни нрберярбеммнярэч ""дфюяр хм рюил""",1658199796,1
fd654ff0-c5ca-2488-5e6d-a0c5ab2c6b3d,31.07.2018,01.01.2018,"наыеярбн я нцпюмхвеммни нрберярбеммнярэч ""рнпцрпюмя""",7106078560,1
5a91bff6-233c-79a5-3478-407c719015a2,31.07.2018,01.01.2018,"наыеярбн я нцпюмхвеммни нрберярбеммнярэч ""йпютр""",7842134294,2
58a8b323-eb43-7f98-e178-eb8260a58ec3,31.07.2018,01.01.2018,"наыеярбн я нцпюмхвеммни нрберярбеммнярэч ""яоа-кхтр""",7814690483,1
a5885555-cd19-5604-bdd8-63abe1ff92d4,31.07.2018,01.01.2018,"наыеярбн я нцпюмхвеммни нрберярбеммнярэч ""бнкцнахгмеяюбрн""",1650348510,2
a5e853c7-97ff-4bdf-dc13-13bdc94eefe7,31.07.2018,01.01.2018,"наыеярбн я нцпюмхвеммни нрберярбеммнярэч ""нпхнмярпни""",3528272103,0
a0f3cf1b-2d97-f461-38e0-7997ae6daa71,31.07.2018,01.01.2018,"наыеярбн я нцпюмхвеммни нрберярбеммнярэч ""гнкнрни кеб""",1660293500,1
b4faf174-c387-2f9e-cf09-b2b2cda0aa0a,31.07.2018,01.01.2018,"наыеярбн я нцпюмхвеммни нрберярбеммнярэч ""йнлерю""",7805704972,1
6b5128f7-e7cf-dafd-b22c-af7972007c8c,31.07.2018,01.01.2018,"наыеярбн я нцпюмхвеммни нрберярбеммнярэч ""ярюпр""",3616020610,3
354e6383-9ae5-b99c-898e-19351d133845,31.07.2018,01.01.2018,"наыеярбн я нцпюмхвеммни нрберярбеммнярэч ""ряй опхвюк""",1657236935,1
76fe81fc-c2da-9b89-c23c-8a50ef4c1926,31.07.2018,01.01.2018,"наыеярбн я нцпюмхвеммни нрберярбеммнярэч ""лнкбхккэ""",3666218982,1
529987b6-6950-1746-4bf2-a0385912881e,31.07.2018,01.01.2018,"наыеярбн я нцпюмхвеммни нрберярбеммнярэч ""пнхлюяреп""",7814690490,1
42cd7a2a-3d7f-4ca5-82b0-c4db586c3c86,31.07.2018,01.01.2018,"наыеярбн я нцпюмхвеммни нрберярбеммнярэч ""мюсвмн-хммнбюжхнммюъ йнлоюмхъ пнанрхйя""",7807169262,0
75a0bc13-26c2-333b-c453-28997bf58797,31.07.2018,01.01.2018,"наыеярбн я нцпюмхвеммни нрберярбеммнярэч ""рноцхп""",1655386565,1
f9dad00b-cb06-f662-c154-3cd6e2a69c77,31.07.2018,01.01.2018,"наыеярбн я нцпюмхвеммни нрберярбеммнярэч ""мнбютюпл-47""",7814690500,2
e0f82db3-cb0e-3f3b-5ab9-d90c996fd1ad,31.07.2018,01.01.2018,"наыеярбн я нцпюмхвеммни нрберярбеммнярэч ""сяоеу""",1659181657,1
bbfa7c14-dfe5-e3d0-f55f-2026075b80fe,31.07.2018,01.01.2018,"наыеярбн я нцпюмхвеммни нрберярбеммнярэч ""йкхлюр цпсоо опнейр""",7804597735,1
6ab5940d-3e6d-9804-62a6-4395cac90619,31.07.2018,01.01.2018,"наыеярбн я нцпюмхвеммни нрберярбеммнярэч ""йнлокхлемр""",1660293524,1
a9c52363-a645-de4e-6dba-e5a416ff43ac,31.07.2018,01.01.2018,"наыеярбн я нцпюмхвеммни нрберярбеммнярэч ""аепур""",1655386580,1
3daf1a60-03f9-424d-b414-f0fd2ffe560b,31.07.2018,01.01.2018,"наыеярбн я нцпюмхвеммни нрберярбеммнярэч ""пняррпюмяйнло""",6455068324,1
a484b905-f82e-a930-ea58-2e092f31cb12,31.07.2018,01.01.2018,"наыеярбн я нцпюмхвеммни нрберярбеммнярэч ""цекхд""",5050132026,1
b47922f3-b92a-d018-35c7-602e9c11acb0,31.07.2018,01.01.2018,"наыеярбн я нцпюмхвеммни нрберярбеммнярэч ""мхаю нвемэ слмши днл""",7725372432,1
615dfc90-6b7f-92f9-a646-4f9045c3882b,31.07.2018,01.01.2018,"наыеярбн я нцпюмхвеммни нрберярбеммнярэч ""яецлемр""",7736301169,1
3a10c544-ef45-c88b-fc59-65efc2256de0,31.07.2018,01.01.2018,"наыеярбн я нцпюмхвеммни нрберярбеммнярэч ""ахйюп-юбрн""",7843008542,9
d7be599f-ee45-e401-d9b4-f21475775da3,31.07.2018,01.01.2018,"наыеярбн я нцпюмхвеммни нрберярбеммнярэч ""ярпхлкюим""",7725372440,1
ecd7a6c0-2432-59f4-2624-f6b239e34999,31.07.2018,01.01.2018,"наыеярбн я нцпюмхвеммни нрберярбеммнярэч ""люйяся""",5047198073,1
709f13b3-84fa-965f-06fe-89c95e1fbbd8,31.07.2018,01.01.2018,"наыеярбн я нцпюмхвеммни нрберярбеммнярэч ""юярпю-рюйр""",2123018876,1
7a938cd9-4c99-eecd-9c0d-3bb55cedda73,31.07.2018,01.01.2018,"наыеярбн я нцпюмхвеммни нрберярбеммнярэч ""яюлнпрнм""",7704411137,1
78bc91bd-b20a-2cd8-cc5e-99d6af3bd2bc,31.07.2018,01.01.2018,"наыеярбн я нцпюмхвеммни нрберярбеммнярэч ""рспхяр""",8904084866,1
16161f1d-a6b7-75d6-10ce-f9849819dec9,31.07.2018,01.01.2018,"наыеярбн я нцпюмхвеммни нрберярбеммнярэч ""реумнярпни""",8905063548,1
811cddd2-0ad0-8615-988a-adf4d3bd0184,31.07.2018,01.01.2018,"наыеярбн я нцпюмхвеммни нрберярбеммнярэч ""йюттю""",8905063530,2
d4c98961-0394-1d64-cc89-88f7db67f308,31.07.2018,01.01.2018,"наыеярбн я нцпюмхвеммни нрберярбеммнярэч ""люярепрюил""",4826131854,0
9b1f0891-3013-ecc8-6908-2c32e31204a1,31.07.2018,01.01.2018,"наыеярбн я нцпюмхвеммни нрберярбеммнярэч ""йнмяхкхсл-цпсоо""",2618022674,0
d11de291-117b-389c-50f1-da48a9510803,31.07.2018,01.01.2018,"наыеярбн я нцпюмхвеммни нрберярбеммнярэч ""яебепмюъ бемежхъ""",7203418780,1
c75a3c1e-1b5d-adbb-4293-543ef8bcd595,31.07.2018,01.01.2018,"наыеярбн я нцпюмхвеммни нрберярбеммнярэч ""бмеьрнпцосрэ""",5047198098,1
0c24cafd-7249-b636-cabd-f0be64e716b9,31.07.2018,01.01.2018,"наыеярбн я нцпюмхвеммни нрберярбеммнярэч ""юпр лемедфлемр""",5027252438,1
ca94267b-df34-d062-381a-33987b274659,31.07.2018,01.01.2018,"наыеярбн я нцпюмхвеммни нрберярбеммнярэч ""яебепмши ясднярпнхрекэ""",4414015930,1
d4786c74-167d-77ba-8ae4-f9f7cc0e9263,31.07.2018,01.01.2018,"наыеярбн я нцпюмхвеммни нрберярбеммнярэч ""яепбхя-ярпни""",7731365000,6
